Прайс-лист на 7 февраля 2025 г.;;;;;;;;;;;;;;
;;;;;;;;;;;;;;
Номенклатура;;;;;;;;;;;;ХРК;ХРК ЕК;
;;;;;;;;;;;;руб;руб;
;;;;;;;;;;;;Включает НДС;Включает НДС;
;;;;;;;;;;;;Цена;Цена;
Продукция;;;;;;;;;;;;;;
HoReCa минус;;;;;;;;;;;;;;
1.1 Говядина;;;;;;;;;;;;;;
**Говядина вырезка  зачищ. в/у Аргентина (кг);;;;;;;;;;;;2 061,60;;
**Говядина вырезка Бразилия (кг);;;;;;;;;;;;2 076,92;;
**Говядина жилован (тримминг) 80/20 б/к Мясница (кг);;;;;;;;;;;;414,00;;
**Говядина щечки с/м BRAVO MEAT (ИП Родченкова);;;;;;;;;;;;944,40;;
**Говядина щечки с/м в/у (ТМК. Россия).;;;;;;;;;;;;793,87;;
Говядина лопаточный отруб б/к заморож (СТК Мясница) (кг).;;;;;;;;;;;;603,60;;
Говядина Оковалок б/к Россия (сырье Бразилия).;;;;;;;;;;;;834,92;;
Говядина печень Аргентина (кг);;;;;;;;;;;;306,00;;
Говядина сердце Бразилия (кг);;;;;;;;;;;;378,00;;
Говядина спиной отруб б/к заморож (СТК Мясница) (кг).;;;;;;;;;;;;684,00;;
Говядина тазоб .часть оковалок  зам.б/к в/у (Александров,.Белоруссия)(кг).;;;;;;;;;;;;953,89;;
Говядина тазоб .часть оковалок  зам.б/к в/у (Вахавяк.Белоруссия)(кг).;;;;;;;;;;;;1 047,60;;
Говядина тазоб. Оковалок б/к заморож (СПК Мясница) (кг).;;;;;;;;;;;;642,00;;
Говядина тазобедренный отруб б/к заморож (СПК Мясница) (кг).;;;;;;;;;;;;642,00;;
Говядина язык Бразилия (кг);;;;;;;;;;;;1 080,00;;
1.2 Свинина;;;;;;;;;;;;;;
**Окорок свиной б/к замор.Сибагро (6 мес.);;;;;;;;;;;;372,00;;
"Бекон в/к ""Венгерский"" 500гр/10шт (шт)";;;;;;;;;;;;305,64;;
"Бекон в/к ""Классический"" 500гр/30шт (МК ЭКО) (шт)";;;;;;;;;;;;277,80;;
Бекон к/в 500г/20шт Дымов (шт);;;;;;;;;;;;375,46;;
Корейка свиная б/к (карбонат) Сибагро.(кг);;;;;;;;;;;;370,90;;
Корейка свиная б/к (карбонат), Мираторг(кг);;;;;;;;;;;;369,60;;
Лопатка свиная б/к Мираторг (кг);;;;;;;;;;;;348,00;;
Лопатка свиная б/к Сибагро. (кг);;;;;;;;;;;;343,75;;
Окорок свиной б/к Сибагро.(кг);;;;;;;;;;;;328,15;;
Окорок свиной б/к СК Короча (Мираторг) (кг);;;;;;;;;;;;342,00;;
Свинина вырезка б/к заморож. Сибагро.(кг);;;;;;;;;;;;473,35;;
Свинина вырезка Мираторг (кг);;;;;;;;;;;;516,00;;
Свинина шея б/к Сибагро.(кг);;;;;;;;;;;;529,28;;
Свинина шея Мираторг Россия (кг);;;;;;;;;;;;504,00;;
1.3 Птица;;;;;;;;;;;;;;
**Вырезка (филе) из грудки утенка замор. в/у (вес) Китай (кг);;;;;;;;;;;;540,92;;
**Вырезка из грудки утенка (филе грудки) Россия (кг);;;;;;;;;;;;856,80;;
**Окорочок (бедро) утенка замор.на подл.(вес) Россия (кг);;;;;;;;;;;;744,00;;
**Тушка ЦБ Халяль (Равис) (кг)~14 кг.;;;;;;;;;;;;235,00;;
"**Шаурма куриная ""Де-Люкс"" 10кг/50см (Курников)";;;;;;;;;;;;360,00;;
"**Шаурма куриная ""Де-Люкс"" 15кг/50см (Курников)";;;;;;;;;;;;360,00;;
"**Шаурма куриная ""Де-Люкс"" 5кг/35см (Курников)";;;;;;;;;;;;360,00;;
Бедро ЦБ на подложке 0,834/12 шт (10 кг) Приосколье;;;;;;;;;;;;217,63;;
Голень ЦБ на подложке 0,900г /10 шт (9кг) Приосколье;;;;;;;;;;;;235,00;;
Грудка ЦБ на подложке 9кг Приосколье;;;;;;;;;;;;366,41;;
Желудки ЦБ очищенные подложка 0,834/12 (10кг) Приосколье;;;;;;;;;;;;195,11;;
Крылышко (целое) ЦБ на подложке 0,900г/10 (9кг) Приосколье;;;;;;;;;;;;251,20;;
Крылышко ЦБ 2,5кг/8шт (2 фаланги) Истра (шт);;;;;;;;;;;;748,94;;
Набор для супа ЦБ инд.уп. 12кг Приосколье;;;;;;;;;;;;188,00;;
Набор для чахохбили и шашлыка ЦБ подложка 0,834г/12шт (10кг) Приосколье;;;;;;;;;;;;203,45;;
Наггетсы куриные фирменные упаковка 1,115 кг/15шт (шт);;;;;;;;;;;;551,93;;
Окорочок б/к на коже ЦБ 2*10кг/кор Истра (Россия) (кор);;;;;;;;;;;;366,78;;
Окорочок ЦБ бескостный подложка 10кг Приосколье;;;;;;;;;;;;348,00;;
Окорочок ЦБ лоток 8,2кг ЦЕНА ЗА КОР Приосколье;;;;;;;;;;;;2 033,60;;
Печень ЦБ подложка 0,834г/12 шт (10кг) Приосколье;;;;;;;;;;;;205,12;;
Тушки ЦБ 1 сорт ф/п 8 калибр 13 кг Приосколье;;;;;;;;;;;;246,00;;
Филе бедра индейки монолит МПЗ Ромашкино (кг) ~ 10 кг;;;;;;;;;;;;666,00;;
Филе бедра ЦБ 5кг/4шт Истра (Россия) (шт);;;;;;;;;;;;1 971,90;;
Филе грудки индейки большое монолит МПЗ Ромашкино(кг) ~ 7 кг;;;;;;;;;;;;669,60;;
Филе грудки ЦБ 5кг/4 шт Истра (Россия) (шт);;;;;;;;;;;;2 037,90;;
Филе ЦБ (монолит) 10кг Приосколье;;;;;;;;;;;;395,00;;
Филе ЦБ на подложке без кожи 0,834/12 (10кг) Приосколье.;;;;;;;;;;;;353,57;;
"Цыпленок ""Корнишон"" 300+ (350г) 1/18шт Россия (шт)";;;;;;;;;;;;234,24;;
"Цыпленок ""Корнишон"" 350г-450гр 1/20шт Россия (шт)";;;;;;;;;;;;235,20;;
"Цыпленок ""Корнишон"" 450-500гр 1/18шт(Россия) (шт)";;;;;;;;;;;;247,20;;
1.5 Мясные деликатесы;;;;;;;;;;;;;;
"Колбаса  ""Пепперони"" 0,5кг/20шт (МК Эко) (шт)";;;;;;;;;;;;274,80;;
"Колбаса ""Пепперони ""в/к нарезка 1кг/8шт Дымов (шт)";;;;;;;;;;;;537,92;;
1.6 Морепродукты;;;;;;;;;;;;;;
**Гребешки без икры (10/20) с/м 1кг/10шт Россия (шт);;;;;;;;;;;;1 737,60;;
**Мясо краба в/м 1 фаланга 6кг/кор (кг);;;;;;;;;;;;7 320,00;;
БЛОК Креветки б/г с/м во льду 21/25 1.8кг/6шт Эквадор (шт);;;;;;;;;;;;2 123,28;;
БЛОК Креветки ваннамей во льду 16/20 б/г 1.8кг/6шт Эквадор (шт);;;;;;;;;;;;2 426,88;;
Кальмар тушка с/м 20кг Россия (кор);;;;;;;;;;;;336,00;;
Кальмар тушка с/м 22кг Россия (кор);;;;;;;;;;;;330,00;;
Кальмар тушка с/м 24 кг Россия (кор);;;;;;;;;;;;342,00;;
Креветки королевские б/г в/п с/м (16/20) Delight 850г(800г нетто)/10шт Вьетнам (шт);;;;;;;;;;;;1 479,84;;
Креветки королевские б/г в/п с/м (21/25) Delight 850г(800г нетто)/10шт Вьетнам (шт);;;;;;;;;;;;1 156,22;;
Креветки очищ. с хвостом (26/30) 1кг/10шт Россия (шт);;;;;;;;;;;;1 173,60;;
Креветки с/м очищ. без хвоста (26/30) Risma 1кг/10шт Индия (шт);;;;;;;;;;;;1 299,60;;
Креветки тигр. очищ. с хвостом (21/25) 1кг/10шт Россия (шт);;;;;;;;;;;;1 329,60;;
Креветки тигр. очищ. с хвостом (26/30) Risma 1кг/10шт Индия (шт);;;;;;;;;;;;1 287,60;;
Креветки тигровые 16/20 б/г в/п с/м (16/20) 1кг/10шт Индия (шт);;;;;;;;;;;;1 293,60;;
"Мидии ""Киви гигант"" 30/40 1кг/12шт Китай (шт)";;;;;;;;;;;;615,60;;
Мидии в голубых раковинах 40/60 1кг/5 шт Чили (шт);;;;;;;;;;;;506,40;;
Мидии в полов. зелён. ракушек 30/40 1кг/12шт Китай (шт);;;;;;;;;;;;591,60;;
Мидии в/м очищенные 200/300 Risma 1кг/10шт Китай (шт);;;;;;;;;;;;585,60;;
Мидии в/м очищенные 200/300 Risma 1кг/10шт Россия (шт);;;;;;;;;;;;597,60;;
Мидии очищ. 200/300 1кг/10шт Китай (шт);;;;;;;;;;;;429,60;;
Морской коктейль (кальм, мидии, осьм, крев. очищ) 1кг/10шт (шт);;;;;;;;;;;;381,60;;
Морской коктейль (кальм, мидии, осьм, крев. очищ) Seaprima 1кг/10шт (шт);;;;;;;;;;;;345,60;;
Осьминоги 1-2кг с/м Индонезия (кг);;;;;;;;;;;;1 245,60;;
Филе кальмара Командорского фас.1 кг (кг);;;;;;;;;;;;822,60;;
Филе кальмара очищ. U10 1кг/8шт Россия (шт);;;;;;;;;;;;693,60;;
Черн. тигр. креветки б/г в/п с/м (16/20) 1кг/10шт Эквадор (шт);;;;;;;;;;;;837,60;;
Черн. тигр. креветки б/г с/м 16/20 Risma 1кг/10шт (шт) Индия;;;;;;;;;;;;1 473,60;;
1.7 Рыба;;;;;;;;;;;;;;
**Палтус тушка с/м б/г (~2-3 кг.) (1 место~25кг) (кг);;;;;;;;;;;;2 124,00;;
**Чилийский Сибас (клыкач) с/м 6-8 Аргентина (кг);;;;;;;;;;;;6 622,80;;
Бранзина (Сибас) 300/400 с/м ВЕС ~5кг Турция (кг);;;;;;;;;;;;891,10;;
Дорадо 300/400 н/р с/м ВЕС ~5кг Турция (кг);;;;;;;;;;;;1 038,06;;
Лосось 5-6 кг с/м Премиум Чили (кг);;;;;;;;;;;;1 674,00;;
Лосось 6-7 кг ВЕС премиум (место~30кг) с/м Чили (кг);;;;;;;;;;;;1 728,00;;
Лосось филе (семга) слабосоленый синяя упаковка в/у Россия (кг);;;;;;;;;;;;2 526,00;;
Лосось филе с/м Трим D 1,3-1,8 кг Yadran в/у, Чили (кг);;;;;;;;;;;;2 353,08;;
Лосось филе с/с н/к в/у Трим А 2,1-2,9кг вес ~12кг Маринист (кг);;;;;;;;;;;;2 475,60;;
Лосось филе Трим D с/м 1,8-2,3 кг Yadran Чили (кг);;;;;;;;;;;;2 413,68;;
Лосось филе х/к в/у Трим А 1,2+кг Россия Фуд Тим (кг);;;;;;;;;;;;2 169,60;;
Масляная рыба филе подкоп 1,7-1,9кг Salmon House, в/у (кг) ;;;;;;;;;;;;1 341,60;;
Масляная рыба филе подкопч 1,6-2,5кг (3-6) Маринист в/у Россия (кг);;;;;;;;;;;;1 209,60;;
Масляная рыба филе с/м 3-6 Россия (кг);;;;;;;;;;;;1 118,65;;
Тилапия филе с/м 3-5 10 кг Китай (кор);;;;;;;;;;;;800,40;;
Форель б/г, с/м потр. 1,8-2,7 вес. ~26кг Турция (кг);;;;;;;;;;;;1 310,40;;
Форель филе малосоленое н/к в/у Трим А (кг) ;;;;;;;;;;;;1 965,60;;
Форель филе с/м н/к в/у Трим А (кг) ;;;;;;;;;;;;1 911,60;;
Форель филе с/с в/у Трим С (горная) Фуд Тим (кг) ;;;;;;;;;;;;1 512,00;;
Форель филе с/с н/к в/у Трим А 0,9-1,1кг вес ~12кг Турция Маринист (кг) ;;;;;;;;;;;;1 761,60;;
Форель филе с/с н/к в/у Трим С 0,9-1,2кг вес ~13кг (кг) Россия (сырьё Турция) МореРыбы;;;;;;;;;;;;1 929,60;;
Форель филе с/с н/к в/у Трим С 1,1-1,6кг вес ~13кг (кг) Россия (сырьё Китай) МореРыбы;;;;;;;;;;;;2 025,60;;
Форель филе холодного копчения Трим А (кг);;;;;;;;;;;;1 947,60;;
1.8 Столовая рыба;;;;;;;;;;;;;;
Горбуша ПБГ с/м 22 кг (кор);;;;;;;;;;;;522,00;;
Горбуша ПСГ с/м 22кг (кор).;;;;;;;;;;;;432,00;;
Горбуша филе н/к с/м 10 кг Россия (кор);;;;;;;;;;;;548,40;;
Минтай б/г с/м 25+ (22кг) (кор);;;;;;;;;;;;240,50;;
Минтай филе б/к фас. 0,6кг/12шт (шт);;;;;;;;;;;;304,20;;
Минтай филе б/к фас.1 кг (кг);;;;;;;;;;;;500,50;;
Сельдь т/о 300-400 олюторская с/м 18кг/кор (кор);;;;;;;;;;;;283,40;;
Терпуг н/р с/м 800+ 24кг/кор (кор);;;;;;;;;;;;442,00;;
Треска с/м б/г L 15кг/кор (кор);;;;;;;;;;;;659,75;;
Филе Судака 400+ 10кг (кор);;;;;;;;;;;;879,00;;
Филе Судака н/к 200-400 10кг (кор);;;;;;;;;;;;789,00;;
1.9 Японская кухня;;;;;;;;;;;;;;
**Икра Масаго зеленая ПУТИНА 500гр/6шт, Россия (шт);;;;;;;;;;;;585,00;;
**Икра Масаго черная ПУТИНА 500гр/6шт, Россия (шт);;;;;;;;;;;;562,50;;
**Соевый белковый продукт Тофу Инари 850 гр Россия (шт);;;;;;;;;;;;979,58;;
Икра Масаго-ЭНКО зеленая 500гр/6шт Санта Бремор (шт);;;;;;;;;;;;565,65;;
Икра Масаго-ЭНКО красная 500гр/6шт Санта Бремор (шт);;;;;;;;;;;;587,60;;
Икра Масаго-ЭНКО оранжевая 500гр/6шт Санта Бремор (шт);;;;;;;;;;;;587,60;;
Икра Масаго-ЭНКО черная 500гр/6шт Санта Бремор (шт);;;;;;;;;;;;564,38;;
Кларий угревидный обжареный вес Унаги (кг);;;;;;;;;;;;904,50;;
Кларий угревидный обжареный вес.Россия (кг);;;;;;;;;;;;901,80;;
"Крабовые палочки ""Снежный краб"" Санта Бремор, 500 гр/12шт (шт)";;;;;;;;;;;;280,80;;
Салат Хияши вакаме Tamaki PRO 1кг/10уп (шт);;;;;;;;;;;;271,36;;
Тесто для Спринг Роллз 550г/20шт Китай (шт);;;;;;;;;;;;448,50;;
"Тунец ""Еллоуфин"" ААА (300-500) с/м Въетнам (кг)";;;;;;;;;;;;1 661,40;;
"Тунец ""Еллоуфин"" ААА (300-500) с/м Китай (кг)";;;;;;;;;;;;1 687,40;;
"Тунец ""Еллоуфин"" ААА (500-800) с/м Вьетнам (кг)";;;;;;;;;;;;1 739,40;;
"Тунец ""Еллоуфин"" ААА (500-800) с/м Китай (кг)";;;;;;;;;;;;1 781,25;;
Тунец с/м лойны 2+ Вьетнам (кг);;;;;;;;;;;;1 035,00;;
Тунец с/м лойны 2+ Китай (кг);;;;;;;;;;;;1 125,00;;
Угорь жареный в тех.соусе Risma вакуум Китай (кг);;;;;;;;;;;;2 265,90;;
Угорь жареный в/у Sango в тех.соусе 20% Китай (кг) ;;;;;;;;;;;;2 233,40;;
Угорь жареный, в техническом соусе в/у, 10кг (кг);;;;;;;;;;;;2 103,40;;
Чука салат Risma бокс 2кг/4шт Китай (шт);;;;;;;;;;;;962,50;;
Чука салат из морских водорослей 1кг/10шт Россия (шт) ;;;;;;;;;;;;311,04;;
2.1 Пюре фруктовое;;;;;;;;;;;;;;
**Пюре Вишня Агробар с/м 1кг/6шт Россия (шт);;;;;;;;;;;;543,75;;
**Пюре Маракуйя с семечкой Агробар с/м 1кг/6шт Россия (шт);;;;;;;;;;;;834,60;;
Пюре Клубника Агробар с/м 1кг/6шт Россия (шт);;;;;;;;;;;;510,30;;
Пюре Малина Агробар с/м 1кг/6шт Россия (шт);;;;;;;;;;;;699,30;;
Пюре Манго Агробар с/м 1кг/6шт Россия (шт);;;;;;;;;;;;604,80;;
Пюре Маракуйя Агробар с/м 1кг/6шт Россия (шт);;;;;;;;;;;;955,80;;
2.2 Булочки, багеты, тесто, блины;;;;;;;;;;;;;;
**Тесто слоеное бездрожжевое 0,5кг/24шт Уральский Пекарь (шт);;;;;;;;;;;;103,65;;
**Тесто слоеное бездрожжевое рулон 2,5кг/12шт Уральский Пекарь (шт);;;;;;;;;;;;433,50;;
**Тесто слоеное дрожжевое 0,5кг/24шт Уральский Пекарь (шт);;;;;;;;;;;;103,65;;
**Тесто слоеное дрожжевое рулон 2,5кг/12шт Уральский Пекарь (шт);;;;;;;;;;;;433,50;;
Багет Французский 260г/30шт РусьБейкери (кор);;;;;;;;;;;;56,47;;
Багет Южный 260г/30шт РусьБейкери (кор);;;;;;;;;;;;66,49;;
Булочка Баварская 30/160шт РусьБейкери (кор);;;;;;;;;;;;9,38;;
Булочка для гамбургера с кунжутом 100мм 52гр/48шт (кор);;;;;;;;;;;;18,53;;
Булочка Французская 35г/160шт РусьБейкери (кор);;;;;;;;;;;;8,03;;
Тарт кофейно-ореховый 90г/12шт Черёмушки (кор);;;;;;;;;;;;91,78;;
Тарт кофейно-ореховый 90г/24шт Черёмушки (кор);;;;;;;;;;;;83,33;;
Тарт лимонный 90г/12шт Черёмушки (кор);;;;;;;;;;;;91,78;;
Тарт лимонный 90г/24шт Черёмушки (кор);;;;;;;;;;;;83,33;;
Тарт с вишней 95г/12шт Черёмушки (кор);;;;;;;;;;;;92,08;;
Тарт с вишней 95г/24шт Черёмушки (кор);;;;;;;;;;;;83,59;;
Тарт с фисташкой и малиной 95г/12шт Черёмушки (кор);;;;;;;;;;;;90,32;;
Тарт шоколадный 39г/24шт Черёмушки (кор);;;;;;;;;;;;32,59;;
Тарт шоколадный 90г/12шт Черёмушки (кор);;;;;;;;;;;;91,78;;
Тарт яблочно-ванильный 110г/12шт Черёмушки (кор);;;;;;;;;;;;91,23;;
Тарт яблочно-ванильный 110г/24шт Черёмушки (кор);;;;;;;;;;;;82,16;;
Тортилья пшеничная 10d 70г/12шт/10уп Черёмушки (шт);;;;;;;;;;;;171,60;;
Тортилья сырная 10,5d 73г/12шт/12уп Черёмушки (шт);;;;;;;;;;;;429,94;;
Хлеб Зерновой 350г/8шт Черёмушки;;;;;;;;;;;;86,13;;
2.3 Полуфабрикаты Панировка;;;;;;;;;;;;;;
Кольца кальмара в панировке Панко 0,5кг/12шт Россия (шт);;;;;;;;;;;;322,70;;
Креветки в панировке Панко 1кг/10шт Россия (шт);;;;;;;;;;;;1 102,40;;
"Палочки сырные ""Моцарелла"" в панировке 1кг/10шт Россия (шт)";;;;;;;;;;;;556,40;;
2.5 Продукция Чизберри;;;;;;;;;;;;;;
"**Чизкейк ""New York"" 100г/8шт Чизберри (кор)";;;;;;;;;;;;112,97;;
"**Чизкейк ""Шоколадный"" 100г/8шт Чизберри (кор)";;;;;;;;;;;;112,97;;
"Торт ""Тирамису"" 1,4кг/3шт Чизберри (шт)";;;;;;;;;;;;1 605,76;;
"Трайфл ""Тирамису"" 100г/12шт Чизберри (шт)";;;;;;;;;;;;102,57;;
"Чизкейк ""Вишневый"" 1,2кг/4шт Чизберри (шт)";;;;;;;;;;;;850,46;;
"Чизкейк ""Карамельный с арахисом"" 1,2кг/4шт Чизберри (шт)";;;;;;;;;;;;1 003,08;;
"Чизкейк ""Манго-Маракуйя"" 1,2кг/4шт Чизберри (шт)";;;;;;;;;;;;964,08;;
"Чизкейк ""Нью-Йорк ванильный"" 1,2кг/4шт Чизберри (шт)";;;;;;;;;;;;850,46;;
"Чизкейк ""Нью-Йорк с клубникой"" 1,2кг/4шт Чизберри (шт)";;;;;;;;;;;;853,58;;
"Чизкейк ""Нью-Йорк с кокосом"" 1,2кг/4шт Чизберри (шт)";;;;;;;;;;;;853,58;;
"Чизкейк ""Нью-Йорк с лимоном"" 1,2кг/4шт Чизберри (шт)";;;;;;;;;;;;853,58;;
"Чизкейк ""Нью-Йорк с малиной"" 1,2кг/4шт Чизберри (шт)";;;;;;;;;;;;853,58;;
"Чизкейк ""Шоколадный"" 1,2кг/4шт Чизберри (шт)";;;;;;;;;;;;964,08;;
2.7. Молочная продукция;;;;;;;;;;;;;;
Сыр Моцарелла кубик замороженый 1кг/10 штук;;;;;;;;;;;;422,50;;
ВкусON -/Sibylla -;;;;;;;;;;;;;;
*Гуакамоле классический вкус 110гр/11шт;;;;;;;;;;;;310,45;;
*Омлет быстрозамороженный 90г/45шт Лукойл;;;;;;;;;;;;56,46;;
Багет для французского хот-дога 60г/40шт;;;;;;;;;;;;22,37;;
Бифштекс для гамбургеров для профессионалов 150г/48шт.;;;;;;;;;;;;154,44;;
Бифштекс для гамбургеров для профессионалов 90г/56шт.;;;;;;;;;;;;92,67;;
"Булочка ""Датская"" с кунжутом и льном 105г/36шт";;;;;;;;;;;;37,13;;
Булочка для гамбургера с кунжутом 82г/40шт;;;;;;;;;;;;24,57;;
Булочка для датского хот-дога  60г/60шт;;;;;;;;;;;;17,98;;
Булочка Твин-Дог 110г/24шт;;;;;;;;;;;;74,79;;
"Колбаски ""Гриль Оригинальные"" 140г/48шт ";;;;;;;;;;;;137,60;;
"Сосиски ""3 перца с сыром"" 80г/120шт (шт) NEW";;;;;;;;;;;;77,82;;
"Сосиски ""Говяжьи гриль"" 80г/120шт (шт)";;;;;;;;;;;;70,77;;
"Сосиски ""Куриные гриль"" 80г/120шт (шт) NEW";;;;;;;;;;;;65,52;;
"Сосиски ""Финские гриль"" 80г/120шт (шт)";;;;;;;;;;;;65,52;;
"Сосиски ""Чили гриль"" 80г/120шт (шт)";;;;;;;;;;;;65,52;;
Сосиски «Говяжьи гриль» 150г/60шт (шт);;;;;;;;;;;;132,67;;
Сосиски «Микс» 130г/60шт (кор);;;;;;;;;;;;152,66;;
Сосиски «Финские гриль» 150г/35шт (кор);;;;;;;;;;;;122,84;;
Сосиски с индейкой 80г/120шт (шт) NEW;;;;;;;;;;;;74,40;;
"Соус ""Чимичури"" 150гр/35шт (шт)";;;;;;;;;;;;166,60;;
"Фрикадельки ""Мясные"" 0,5кг/10шт";;;;;;;;;;;;482,47;;
Картофель Фри ;;;;;;;;;;;;;;
**Картофель фри Фрай Ми 6*6 2,5кг/5шт (шт);;;;;;;;;;;;746,88;;
**Картофельные дольки в кожуре Фрай Ми 2,5кг/5шт (ЕК,НТ,СРГ,ПМ,ТМ-шт);;;;;;;;;;;;691,88;;
Картофель Фри 6*6 мм 2,5кг/4шт ТМ Fritto-Appetito Россия (ЕК,НТ,СРГ,ПМ,ТМ-шт);;;;;;;;;;;;521,88;;
Картофель фри 7*7 2,5кг/5шт Турция (шт);;;;;;;;;;;;796,88;;
Картофель фри 9*9 мм 2,5кг/6шт Турция (ЕК,НТ,СРГ,ПМ,ТМ-шт);;;;;;;;;;;;737,50;;
Картофельные дольки в кожуре со специями 2,5кг/5шт FARM FRITES (шт);;;;;;;;;;;;993,75;;
Картофельные дольки в кожуре со специями Фрай Ми 2,5кг/5шт (ЕК,НТ,СРГ,ПМ,ТМ-шт);;;;;;;;;;;;906,25;;
Картофельные чипсы рифленые SuperFresh 1кг/10шт Турция (ЕК,НТ,СРГ,ПМ,ТМ-шт);;;;;;;;;;;;431,25;;
Луковые кольца в панировке 1,5кг/6шт Турция (шт);;;;;;;;;;;;571,88;;
Чай;;;;;;;;;;;;;;
"Ягодный чай ""Апельсин с ягодами облепихи"" 50г/30шт";;;;;;;;;;;;93,00;;
"Ягодный чай ""Клюквенный пунш с кусочками апельсина"" 50г/30шт";;;;;;;;;;;;93,00;;
"Ягодный чай ""Малина с брусникой и чабрецом"" 50г/30шт";;;;;;;;;;;;93,00;;
HoReCa плюс;;;;;;;;;;;;;;
DINNER SERVICE;;;;;;;;;;;;;;
Бульон говяжий 2кг/4шт DINNER SERVICE Россия шт Новый;;;;;;;;;;;;740,85;;
Бульон грибной 2кг/4шт DINNER SERVICE Россия (шт);;;;;;;;;;;;901,50;;
Бульон куриный 2кг/4шт DINNER SERVICE Россия шт Новый;;;;;;;;;;;;709,80;;
Бульон овощной 2кг/4шт DINNER SERVICE Россия (шт);;;;;;;;;;;;927,15;;
Бульон рыбный 1,5кг/4шт DINNER SERVICE Россия (шт);;;;;;;;;;;;1 075,13;;
Крахмал кукурузный 1.25кг/4шт DINNER SERVICE Россия (шт);;;;;;;;;;;;642,19;;
Приправа Деликат VEGETTA 2кг/4шт DINNER SERVICE Россия (шт);;;;;;;;;;;;720,00;;
Соус Деми Гласс 1,5кг/4шт DINNER SERVICE Россия (шт);;;;;;;;;;;;1 771,88;;
Бакалея;;;;;;;;;;;;;;
**Булгур Националь 450г/6шт (шт);;;;;;;;;;;;133,42;;
**Киноа Националь 450г/6шт (шт);;;;;;;;;;;;332,88;;
**Кус-кус Националь 450г/6шт (шт);;;;;;;;;;;;162,49;;
"**Печенье Савоярди ""Forno Bonomi"" 400г/уп 15шт/кор Италия (шт)";;;;;;;;;;;;403,31;;
"**Сахар трост. коричневый Демерара ""Интегрита"" 0,5кг/10шт Россия (кор)";;;;;;;;;;;;156,92;;
**Соль морская крупная 1 кг/15шт (шт);;;;;;;;;;;;109,27;;
Геркулес 5кг/уп(кор);;;;;;;;;;;;250,60;;
Дрожжи инстантные Воронежские 500г/20шт (шт);;;;;;;;;;;;190,26;;
Крупа гречневая  5кг/уп (кор);;;;;;;;;;;;283,50;;
Крупа манная 5кг/уп(кор);;;;;;;;;;;;308,70;;
"Мед натуральный ""Мёд маркет"" 1кг/8шт (шт)";;;;;;;;;;;;256,92;;
"Мед натуральный ""Пчелка Золотая"", ""Медовая страна"" 1кг/8шт (шт)";;;;;;;;;;;;277,62;;
"Мука в/с ""Беляевская"" Алтай 10кг/5шт (шт)";;;;;;;;;;;;519,10;;
"Мука для пиццы  25кг/уп ""Супер Мука"" Россия";;;;;;;;;;;;2 808,55;;
Мука Макфа 2кг/6шт Россия (кор);;;;;;;;;;;;144,31;;
Мука Царь 2кг/6шт (шт);;;;;;;;;;;;101,70;;
Рис длин.пропаренный 5 кг/уп (кор);;;;;;;;;;;;786,10;;
Рис круглый шлиф.5кг/уп(кор);;;;;;;;;;;;612,50;;
Рис МИСТРАЛЬ Жасмин 500г/12шт Россия (шт);;;;;;;;;;;;208,00;;
Сахар порционный 5г/2000 шт (кор);;;;;;;;;;;;1,05;;
Тортилья пшеничная Tortillas 10d 12х10/ 800г/10шт (шт) ;;;;;;;;;;;;204,53;;
Тортилья пшеничная с сыром Tortillas 10d/810г/10шт (шт);;;;;;;;;;;;232,53;;
"Хлеб пшеничный ""Харрис"" нарез. 470г/10шт (кор)";;;;;;;;;;;;140,44;;
ВкусON +/Sibylla +;;;;;;;;;;;;;;
*Кукуруза сладкая в зернах в/у 170гр/12шт Лукойл;;;;;;;;;;;;128,52;;
*Сэндвич-соус 200гр/10шт ;;;;;;;;;;;;152,34;;
"Горчица ""АРОМАТНАЯ"" 850гр/6шт ";;;;;;;;;;;;343,74;;
Кетчуп 850гр/6шт ;;;;;;;;;;;;343,74;;
Конверт д/гамбургера 2,5г/1000шт;;;;;;;;;;;;2,25;;
Конверт д/хот-дога 2г/1000шт;;;;;;;;;;;;2,25;;
Лук репчатый жареный 1кг/10шт;;;;;;;;;;;;1 367,43;;
"Майонез ""Гамбургер"" 850гр/6шт ";;;;;;;;;;;;547,63;;
Огурцы нарезанные кружочками «Валдайский погребок» 720мл 670гр/8шт;;;;;;;;;;;;384,50;;
Салат из огурцов 680гр/8шт ;;;;;;;;;;;;569,03;;
Салфетка ВкусON 2,36г/250шт (шт);;;;;;;;;;;;1,38;;
Соус майонезный «Коктейль» 850гр/6шт ;;;;;;;;;;;;438,18;;
Соус Шрирача 240мл 266гр/8шт ;;;;;;;;;;;;221,70;;
"Сыр ""Топпинг ""Чеддер"" классический"" 250гр/5шт ";;;;;;;;;;;;200,27;;
Консервация;;;;;;;;;;;;;;
**Каперсы с ножкой Antica Napoli 720мл/12шт (шт);;;;;;;;;;;;560,56;;
"**Томатная паста ""Персона"" 25% 3л/ведро(шт).";;;;;;;;;;;;561,02;;
Ананасы кольца 580мл/12шт Lutik (шт);;;;;;;;;;;;189,00;;
Ананасы кольца 580мл/12шт Вьетнам (шт);;;;;;;;;;;;183,00;;
Анчоусы филе (килька) в масле 145г/6шт Россия (шт);;;;;;;;;;;;229,31;;
Анчоусы филе в масле ст/б 700г/6шт Тунис (шт);;;;;;;;;;;;3 024,71;;
Анчоусы филе в масле ст/б 90г/12шт Тунис (шт);;;;;;;;;;;;464,72;;
Вишня коктейльная Бояринъ с/б 720мл/12шт (шт);;;;;;;;;;;;449,42;;
Горошек зел. Бояринъ ж/б  425мл/12шт ;;;;;;;;;;;;86,48;;
Грибы Опята маринов. ж/б 3100мл/6шт Бояринъ (шт);;;;;;;;;;;;1 148,26;;
Грибы Опята маринов. с/б 580мл/12шт Бояринъ (шт);;;;;;;;;;;;230,09;;
Каперсы в уксусе Antica Napoli 700г/6шт (шт);;;;;;;;;;;;540,18;;
Корнишоны с/б 720мл/8шт Бояринъ (шт);;;;;;;;;;;;152,50;;
Корнишоны-огурцы марин.3-6 см ж/б 3100мл/6шт  Бояринъ (шт);;;;;;;;;;;;767,88;;
Кукуруза в початках с/б 370мл/12шт Бояринъ (шт);;;;;;;;;;;;187,22;;
Кукуруза ж/б 425мл/12шт Бояринъ Полтавские консервы (шт);;;;;;;;;;;;92,68;;
Маслины б/к ж/б 300мл/12шт Бояринъ  (шт);;;;;;;;;;;;123,05;;
Маслины б/к ж/б Бояринъ 3100 мл/6шт (шт);;;;;;;;;;;;1 315,71;;
Маслины рез. б/к ж/б 3100мл/6шт Бояринъ (шт);;;;;;;;;;;;1 218,04;;
Огурцы 9-12см 10,2л ж/б, Германия (шт);;;;;;;;;;;;2 191,05;;
Огурцы маринов. 9-12см ж/б 3100 мл/6шт Бояринъ(Вьетнам) (шт);;;;;;;;;;;;593,73;;
Огурцы маринованные 6-9 см ж/б 3100мл/6шт Бояринъ (шт);;;;;;;;;;;;643,68;;
Огурцы маринованные 9-12 ж/б 3100мл/4шт Бояринъ (шт);;;;;;;;;;;;534,33;;
Огурцы маринованные с/б 720мл/8шт Боярин  (шт);;;;;;;;;;;;134,61;;
Огурцы слайсы (резан. кольцами) ж/б 4250мл/3шт Бояринъ (шт);;;;;;;;;;;;895,73;;
Оливки б/к ж/б 300мл/12шт RioLiva (шт);;;;;;;;;;;;113,40;;
Оливки б/к ж/б 300мл/12шт Бояринъ (шт);;;;;;;;;;;;122,85;;
Персики половинки ж/б 850мл/12шт Бояринъ (шт);;;;;;;;;;;;239,36;;
Том. паста с/б 1000г/6шт Кухмастер (шт);;;;;;;;;;;;249,75;;
"Томатная паста 25% ""Родник"" 10кг/кор (кор)";;;;;;;;;;;;163,80;;
Томаты маринов. с/б 720мл/8шт Бояринъ (шт);;;;;;;;;;;;116,05;;
Томаты маринов. Черри с/б 720мл/8шт Бояринъ (шт);;;;;;;;;;;;131,91;;
Томаты маринов.Черри Скатерть -Самобранка с/б 720мл/8шт (шт);;;;;;;;;;;;130,01;;
Томаты мелкорезанные Fresco Natura 2,5кг/6шт (шт);;;;;;;;;;;;760,50;;
"Томаты очищенные ""Мутти"" 2,5кг/6шт Италия (шт)";;;;;;;;;;;;1 032,30;;
Томаты сушеные в масле 0,9кг/6шт Италия (шт);;;;;;;;;;;;1 202,66;;
Тунец кусочками в с/с ж/б 1700г/6шт. Бояринъ (шт);;;;;;;;;;;;1 388,61;;
Фасоль белая ж/б 425мл12шт Бояринъ (шт);;;;;;;;;;;;79,65;;
Фасоль красная ж/б 425мл/12шт Бояринъ (шт);;;;;;;;;;;;80,53;;
Филе сельди деликатесное Матиас 500г/6шт (шт);;;;;;;;;;;;370,14;;
Филе сельди Русрыба 1кг/4шт (шт);;;;;;;;;;;;544,70;;
Филе сельди Русрыба 3кг (шт);;;;;;;;;;;;1 852,50;;
Шампиньоны резан. с вешанкой.Бояринъ ж/б 3100мл/6шт (шт);;;;;;;;;;;;512,33;;
Макаронные изделия;;;;;;;;;;;;;;
Макароны Вермишель группа В 5 кг/мешок (шт);;;;;;;;;;;;306,98;;
Макароны Рожки группа В 5 кг/мешок (шт);;;;;;;;;;;;306,98;;
Макароны Спагетти группа В  5 кг/мешок (шт);;;;;;;;;;;;308,62;;
Макароны Спиралька группа В  5 кг/мешок (шт);;;;;;;;;;;;306,98;;
Спагетти Barilla 450гр/24шт Россия (шт);;;;;;;;;;;;102,70;;
Тальятелле Barilla 500г/12шт Россия (шт);;;;;;;;;;;;248,87;;
Фарфалле Barilla 400гр/12шт Россия (шт);;;;;;;;;;;;108,90;;
Фузилли Barilla 450гр/12шт Россия (шт);;;;;;;;;;;;102,70;;
Масла/жиры;;;;;;;;;;;;;;
Майонез EFKO FOOD professional 78% 3кг/1шт (шт);;;;;;;;;;;;911,95;;
Майонез Провансаль 67%, ЕЖК, 900мл/6шт (шт);;;;;;;;;;;;229,50;;
"Майонез Провансаль""Персона"" 55% 10л/ведро(шт).";;;;;;;;;;;;1 389,15;;
"Майонез Провансаль""Персона"" 67% 10л/ведро(шт).";;;;;;;;;;;;1 720,99;;
"Масло оливковое ""Los Dones"" 1л/12шт (шт)";;;;;;;;;;;;587,25;;
"Масло оливковое EXTRA VERGIN классич.""De Cecco"" 1л/12 шт Италия (шт)";;;;;;;;;;;;2 049,30;;
"Масло подсолнечное ""Масленница"" 1 л/15шт (шт)";;;;;;;;;;;;169,95;;
"Масло подсолнечное ""Олейна"" 1 л/15шт (шт)";;;;;;;;;;;;172,65;;
Масло подсолнечное Сигма 1л/15шт (шт);;;;;;;;;;;;152,55;;
"Масло фритюрное ""IDEAL PRO"" 5л/3шт (шт)";;;;;;;;;;;;863,30;;
"Масло фритюрное ""SoloCHEFF 555"" 5л/2шт (шт)";;;;;;;;;;;;863,33;;
Молочная продукция;;;;;;;;;;;;;;
**Крем взбитый У-ЛА-ЛА 250гр/12шт ;;;;;;;;;;;;304,85;;
**Сливки растительные Шантипак 26% тетра-пак 1л/12шт (шт);;;;;;;;;;;;390,00;;
"Молоко ""Тяжин"" ультрапастериз. 3,2% 1л/12 шт (шт)";;;;;;;;;;;;81,90;;
Молоко Молочная речка 3,2% 0,973л/12шт Россия (шт);;;;;;;;;;;;116,12;;
Молоко Молочная речка 3,5% 0,973л/12шт Россия (шт);;;;;;;;;;;;126,84;;
Сливки д/взбивания Молочная речка 33% крем сливочный 1л/12шт Россия (шт);;;;;;;;;;;;715,00;;
Сливки Молочная речка 11% 1л/12шт (шт);;;;;;;;;;;;240,38;;
Сливки Молочная речка 22% 1л/12шт Россия (шт);;;;;;;;;;;;529,67;;
Сметанный продукт Альпийская коровка 20% 400 гр/12шт (шт);;;;;;;;;;;;86,84;;
Соусы/прочее;;;;;;;;;;;;;;
**Топпинг ванильный Dolce Rosa 1л/6шт Россия (шт);;;;;;;;;;;;328,90;;
"*Соус ""Worchester"" 140мл/12шт Германия (шт)";;;;;;;;;;;;444,73;;
"Аджика ""Кавказская"" стекло твист 250г/12 шт (шт)";;;;;;;;;;;;38,48;;
Горчица Дижонская Bister пл/б 1кг/6шт (шт);;;;;;;;;;;;599,87;;
"Горчица зернистая ""Bister"" пл/б 1кг/6шт (шт)";;;;;;;;;;;;655,20;;
Горчица столовая с/б 250гр/12 шт Россия (шт);;;;;;;;;;;;72,51;;
"Кетчуп ""Родник"" Томатный 750г/9шт Россия (шт)";;;;;;;;;;;;70,20;;
"Кетчуп ""Родник"" Шашлычный 750г/9шт Россия (шт)";;;;;;;;;;;;70,20;;
Кетчуп Heinz 800г/8шт Россия (шт);;;;;;;;;;;;230,72;;
Кетчуп Heinz пакет 2кг/6шт Россия (шт);;;;;;;;;;;;574,17;;
Кетчуп томатный 2кг/5шт (шт);;;;;;;;;;;;430,30;;
Повидло Персик 63% ГОСТ 4шт/2,5 кг Россия (шт);;;;;;;;;;;;416,00;;
Повидло Яблоко 63% ГОСТ 4шт/2,5 кг Россия (шт);;;;;;;;;;;;422,50;;
"Соус ""Пикантный"" (Черный перец) 1кг/4шт Россия (шт)";;;;;;;;;;;;350,00;;
Соус Барбекью Heinz 1кг/6шт Россия (шт);;;;;;;;;;;;471,04;;
Соус Барбекю пакет 1кг/4шт Россия (шт);;;;;;;;;;;;343,20;;
Соус Ворчестер 0,5л/20шт Россия (шт);;;;;;;;;;;;335,40;;
"Соус Гранатовый ""Наршараб"" 400г/6шт (шт)";;;;;;;;;;;;296,11;;
"Соус для пиццы ""Fresco Natura"" 4,1кг/3шт Италия (шт)";;;;;;;;;;;;1 589,64;;
"Соус для пиццы ""IL PIZZAIOLLO"" 4,05кг/3шт Италия (шт)";;;;;;;;;;;;1 307,67;;
"Соус для пиццы ""МУТТИ""4,25л/3шт Италия (шт)";;;;;;;;;;;;2 225,34;;
"Соус для пиццы классический ""COOK ME PRO"" 4,1кг/3шт (шт)";;;;;;;;;;;;1 170,00;;
Соус острый Табаско с красным перцем 150мл/12 шт (шт);;;;;;;;;;;;728,09;;
Соус песто Дженовезе 190г/12 шт Россия (шт);;;;;;;;;;;;277,75;;
Соус сырный Heinz 1кг/6 шт Россия (шт);;;;;;;;;;;;544,17;;
Соус сырный пакет 1кг/4шт Россия (шт);;;;;;;;;;;;412,10;;
Соус Цезарь Heinz пакет 2кг Россия (шт);;;;;;;;;;;;1 414,83;;
"Соус-крем бальзамный 500мл темный Карандини ""IL TORRIONE"" 12шт/кор (шт)";;;;;;;;;;;;606,53;;
Топпинг вишневый Dolce Rosa 1л/6шт Россия (шт);;;;;;;;;;;;351,00;;
Топпинг карамель Dolce Rosa 1л/6шт Россия (шт);;;;;;;;;;;;351,00;;
Топпинг клубничный 1л/6шт Россия (шт);;;;;;;;;;;;413,40;;
Топпинг клубничный Dolce Rosa 1л/6шт Россия (шт);;;;;;;;;;;;328,90;;
Топпинг шоколадный Dolce Rosa 1л/6шт Россия (шт);;;;;;;;;;;;364,00;;
Уксус столовый 9% 1л/9шт Румянка (шт);;;;;;;;;;;;57,79;;
Хрен сливочный с/б 250г/6шт КЮНЭ (кор);;;;;;;;;;;;367,63;;
Специи;;;;;;;;;;;;;;
*Гвоздика целая  Партнер 250гр/20шт.;;;;;;;;;;;;559,00;;
*Кардамон молотый Айдиго банка 800г/8шт (шт);;;;;;;;;;;;1 365,00;;
*Приправа Карри Партнер 1кг/5шт.;;;;;;;;;;;;384,80;;
Бадьян Партнер 100г/12 шт (шт);;;;;;;;;;;;240,50;;
Базилик Партнер 200г/10шт.;;;;;;;;;;;;96,20;;
Ванилин Партнер 500гр./10шт.;;;;;;;;;;;;540,80;;
Зира (кумин) семя Партнер 400г/12шт.;;;;;;;;;;;;620,10;;
Картофельный крахмал Партнер 1кг/10шт.;;;;;;;;;;;;208,00;;
Лимонная кислота Пряна Партнер 1кг/10шт;;;;;;;;;;;;247,00;;
Мята Партнер 100г/8шт.;;;;;;;;;;;;62,40;;
Паприка красная мол. Аста-120 Партнер 1кг/7шт. (шт);;;;;;;;;;;;451,10;;
Паприка красная мол. копченая Аста-130 Партнер 500гр/10шт. (шт);;;;;;;;;;;;469,30;;
Перец красный острый Партнер 1кг/5шт;;;;;;;;;;;;444,60;;
Перец черный молотый Партнер 1кг/8шт. (шт);;;;;;;;;;;;559,00;;
Приправа для курицы Партнер 500гр/10шт;;;;;;;;;;;;206,70;;
Приправа для плова Партнер 1кг/10шт.;;;;;;;;;;;;354,90;;
Приправа для шашлыка  Партнер 1кг/10шт.;;;;;;;;;;;;392,60;;
Приправа Универсальная  Партнер 1кг/10шт.;;;;;;;;;;;;236,60;;
"Пудра сахарная ""Промпоставка"" 1кг/10шт (шт)";;;;;;;;;;;;198,41;;
Разрыхлитель теста  Партнер 1кг/5шт.;;;;;;;;;;;;228,80;;
Хмели Сунели  Партнер 1кг/5шт.;;;;;;;;;;;;297,70;;
Чеснок мол. сушеный порошок Партнер 1кг/7шт.;;;;;;;;;;;;479,70;;
Сыры;;;;;;;;;;;;;;
**Сыр Камамбер Great Kitchen 0,125кг/8шт (шт);;;;;;;;;;;;204,43;;
**Сыр Фета Сиртаки 35% классик 330гр/15шт (шт).;;;;;;;;;;;;239,12;;
Сыр Брынза Сербская 40% 450гр (шт);;;;;;;;;;;;348,53;;
Сыр Гауда Белебей 45% (брус 4,5 кг) Башкирия (кг);;;;;;;;;;;;894,40;;
Сыр Гауда ЗМЖ вес ЮКМП 50% (кг);;;;;;;;;;;;565,50;;
Сыр Голландский Белебей 45%  ~4,5кг Башкирия (кг);;;;;;;;;;;;894,40;;
Сыр Голландский ЗМЖ вес ЮКМП 50% (кг);;;;;;;;;;;;565,50;;
Сыр Дорблю с голубой плесенью 50% 1кг (кг) ;;;;;;;;;;;;1 401,40;;
Сыр Маасдам 45% 1кг Сыры Кубани (вес);;;;;;;;;;;;1 082,90;;
Сыр Моцарелла Extra Alti 2кг/50% Россия (кг);;;;;;;;;;;;588,90;;
Сыр Моцарелла Filare 35% ~2кг Россия (кг);;;;;;;;;;;;720,20;;
Сыр Моцарелла La Paulina 42% (кг);;;;;;;;;;;;1 011,40;;
Сыр Моцарелла Pizza 40% Cheese House Pro (кг);;;;;;;;;;;;484,90;;
"Сыр Моцарелла для пиццы ""Pizzaretti"" 50%, 9шт~2кг (кг)*";;;;;;;;;;;;408,20;;
Сыр Моцарелла для пиццы 50% 2кг/6шт ЮКМП (цена за 2кг);;;;;;;;;;;;816,00;;
Сыр Пармезан 1/4 головы вес ЮКМП 45%~1,5кг (кг);;;;;;;;;;;;854,10;;
Сыр Пармезан 45% брус ~5кг (кг) Беларусь;;;;;;;;;;;;891,80;;
Сыр Пармезан 45% круг 9кг (кг) Беларусь;;;;;;;;;;;;946,40;;
Сыр Пармезан Ricrem 42% 2,5кг Аргентина (кг);;;;;;;;;;;;1 583,40;;
Сыр Пармезан Дольче 40% ~ 6кг/2шт Уругвай (кг);;;;;;;;;;;;1 648,40;;
"Сыр плавленный ""Президент"" 400гр /8шт (шт) Россия";;;;;;;;;;;;356,21;;
Сыр плавленный ломтевой Amber 500г/12шт Россия (шт);;;;;;;;;;;;397,80;;
Сыр Российский ЗМЖ вес ЮКМП 50% (кг);;;;;;;;;;;;565,50;;
Сыр с голубой плесенью BLUE ТМ Schonfeld 54% ~2,2кг Аргентина (кг);;;;;;;;;;;;1 895,40;;
Сыр Сулугуни 50% 2кг/6шт ЮКМП (цена за 2кг);;;;;;;;;;;;715,00;;
Сыр творожный 65% ведро, SERVOLUX PROFESSIONAL 11 кг Беларусь (Смолевичи) (шт);;;;;;;;;;;;6 502,60;;
Сыр творожный 65% ведро, SERVOLUX PROFESSIONAL 2,2кг/4шт Беларусь (Смолевичи) (шт);;;;;;;;;;;;1 341,08;;
Сыр творожный KITCHN! 65% ведро 11кг (шт);;;;;;;;;;;;6 363,50;;
Сыр творожный KITCHN! 65% ведро 2кг/4шт (шт);;;;;;;;;;;;1 183,00;;
Сыр Фета (комбинированный рассольный продукт) Contandino 55% 1кг/12шт Египет (шт);;;;;;;;;;;;471,90;;
Сыр Фета Сиртаки 55% оригинал 330гр/15шт (шт);;;;;;;;;;;;226,12;;
Сыр Чеддер красный вес 50% Березино (Беларусь) (кг);;;;;;;;;;;;777,40;;
Сыр Чеддер оранжевый вес 45% Радость Вкуса (кг);;;;;;;;;;;;972,40;;
Тайская кухня;;;;;;;;;;;;;;
**Бумага рисовая AROY-D 454г/44шт Тайланд (шт);;;;;;;;;;;;403,88;;
Молоко кокосовое 18% Midori ж/б 400мл/12шт Тайланд (шт);;;;;;;;;;;;185,22;;
Молоко кокосовое AROY-D 1л/12шт Тетра пак (шт);;;;;;;;;;;;470,00;;
Молоко кокосовое Aroy-D 400мл/24шт (шт);;;;;;;;;;;;211,50;;
Молоко кокосовое AROY-D 500мл/24шт Тетра Пак (шт);;;;;;;;;;;;247,50;;
"Соус острый ""Шрирача"" 510г Тайланд/12шт (шт)";;;;;;;;;;;;276,99;;
Соус рыбный 0.7л/12шт Aroy-D ,Таиланд (шт);;;;;;;;;;;;365,75;;
Соус устричный Pearl River Bridge 510г ст/бут 12шт/кор  Китай (шт);;;;;;;;;;;;208,14;;
Соус Чили сладкий для курицы AROY 2,4л/6шт (шт);;;;;;;;;;;;804,00;;
Соус Чили сладкий для курицы AROY-D 0,92 кг/12шт (шт);;;;;;;;;;;;358,20;;
Японская кухня;;;;;;;;;;;;;;
**Бульон рыбный концентрированный (Hondashi) 1кг/10шт Китай (шт);;;;;;;;;;;;713,27;;
**Водоросли Комбу 1кг/10шт Китай (шт);;;;;;;;;;;;1 335,00;;
**Водоросли морские сушен.(Вакаме cut) 500г/20шт Китай (шт);;;;;;;;;;;;836,25;;
**Галангал сушеный резаный 100г/50шт (шт);;;;;;;;;;;;211,95;;
**Заправка для салата Tamaki 470гр/6шт (шт) ;;;;;;;;;;;;254,10;;
"**Лук жареный ""MANESK"", Китай 1кг/10штук (шт)";;;;;;;;;;;;564,30;;
**Лук жареный Yakimal 1кг/10штук (шт);;;;;;;;;;;;631,80;;
**Маменори сан зеленые (соевая бумага)  ТОФУ 1уп/20штТайвань (шт);;;;;;;;;;;;872,21;;
**Маменори сан оранжевые (соевая бумага) ТОФУ 1уп/20шт Тайвань (шт);;;;;;;;;;;;888,57;;
**Мука панировочная пшеничн. Кляр Мидори Корея 1кг/10шт (шт);;;;;;;;;;;;431,25;;
**Паста острая Табаджан 0,92 кг/6шт Китай (шт);;;;;;;;;;;;620,70;;
**Паста соевая светлая 1кг/10шт Китай (шт);;;;;;;;;;;;296,25;;
**Паста соевая темная 1кг/10шт Китай (шт);;;;;;;;;;;;308,10;;
"**Приправа ""Аджиномото"" 454 г/50шт (шт)";;;;;;;;;;;;199,16;;
**Соус Манго Чили Genso 850г/12шт Таиланд (шт);;;;;;;;;;;;662,58;;
**Соус Со вкусом лемонграсса Tamaki 0,47л/6шт (шт);;;;;;;;;;;;226,80;;
**Соус Черный перец Tamaki 470гр/6шт (шт) ;;;;;;;;;;;;174,80;;
Вермишель Фунчоза KEKESHI (брикет) 500г/30шт Китай (шт);;;;;;;;;;;;253,80;;
Вермишель Фунчоза KEKESHI (резаная) 500г/30шт Китай (шт);;;;;;;;;;;;240,30;;
Водоросли морские «Tidori» жареные, 100 л/40шт Корея (шт);;;;;;;;;;;;1 691,43;;
"Водоросли морские жареные прессован. ""Roasted seaweed"" 100л/42шт Китай (шт)";;;;;;;;;;;;1 410,55;;
Водоросли прессован.сушеные Tamaki №5 100л/40шт Корея (шт);;;;;;;;;;;;1 582,68;;
Грибы древесные МОЭР 280 гр, Китай (шт);;;;;;;;;;;;533,30;;
Грибы древесные черные МУЭР 250г Китай (шт);;;;;;;;;;;;679,73;;
Грибы сушеные(Shitake) 250г/18шт Китай (шт);;;;;;;;;;;;559,58;;
Грибы сушеные(Shitake) 250г/24шт Китай (шт);;;;;;;;;;;;538,13;;
Грибы сушеные(Shitake) 250г/40шт Китай (шт);;;;;;;;;;;;581,18;;
Икра лососевая ж/б 140г/80шт Тунгутун (шт);;;;;;;;;;;;1 318,63;;
Имбирь маринов. розовый 1кг/10шт (шт) Китай;;;;;;;;;;;;192,85;;
Имбирь маринованный белый 1кг/10шт CHO Китай (шт);;;;;;;;;;;;236,74;;
Имбирь маринованный белый 1кг/10шт Китай (шт);;;;;;;;;;;;210,14;;
Лапша гречневая Soba TAKEMURA 300г/40 шт Китай (шт);;;;;;;;;;;;88,29;;
Лапша гречневая Soba Сен Сой 4,5кг (шт);;;;;;;;;;;;2 032,18;;
Лапша гречневая Soba Сен Сой 500г/12шт (шт);;;;;;;;;;;;204,44;;
Лапша пшеничная Udon Сен Сой 4,5кг/шт (шт);;;;;;;;;;;;1 459,98;;
Лапша пшеничная Udon Сен Сой 500г/12шт (шт);;;;;;;;;;;;154,85;;
"Лапша пшеничная Удон ""RISMA"" 300г/40шт Китай (шт)";;;;;;;;;;;;86,94;;
Лапша Фунчоза 500гр/30шт Китай (шт);;;;;;;;;;;;221,40;;
Масло кунжутное Yakimal 1,8л (шт);;;;;;;;;;;;1 212,12;;
Мука темпурная 18 кг Россия (шт);;;;;;;;;;;;1 713,15;;
Мука темпурная Yakimal 1кг/15шт Россия (шт);;;;;;;;;;;;125,55;;
Палочки бамбуковые бумажные 30*100шт Китай (цена за 1уп.= 100шт). (шт);;;;;;;;;;;;270,00;;
Палочки бамбуковые с зубочисткой 20см 30*100шт Китай (цена за 1уп.= 100шт. (шт);;;;;;;;;;;;130,61;;
Панировочные сухари Kaneshiro premium 10кг Малайзия (шт) ;;;;;;;;;;;;3 886,65;;
Панировочные сухари Канеширо Premium 1кг/10шт Малайзия (шт);;;;;;;;;;;;400,95;;
Панировочные сухари Панко GOLD Tamaki 10кг;;;;;;;;;;;;2 386,80;;
Панировочные сухари Панко Tamaki 10кг;;;;;;;;;;;;2 083,05;;
Панировочные сухари Панко Tamaki 1кг/10шт  (шт);;;;;;;;;;;;238,95;;
Панировочные сухари Панко Yakimal 10кг (шт) ;;;;;;;;;;;;1 863,00;;
Панировочные сухари ПАНКО ГОЛД Yakimal 10кг (шт);;;;;;;;;;;;2 065,50;;
Перец Халапеньо резаный кольцами ж/б Виталэнд 3000мл/2шт (шт);;;;;;;;;;;;639,90;;
Перец Халапеньо резаный кольцами ж/б Король Альфахер 3100мл/6шт (шт);;;;;;;;;;;;642,33;;
Перец Халапеньо резаный кольцами ж/б Король Альфахер 3100мл/6шт (шт) НОВ;;;;;;;;;;;;604,80;;
Перец Халапеньо резаный острый 2550мл/6шт Египет (шт);;;;;;;;;;;;553,67;;
Редька маринов. (Takuan) 500г/20шт Китай (шт);;;;;;;;;;;;167,40;;
Рис Shinaki  25кг/меш Россия (шт);;;;;;;;;;;;4 488,75;;
Рис для суши среднезерный ASA 20кг/меш, Россия (шт);;;;;;;;;;;;3 341,25;;
Рис Фушигон (черный мешок) в/с 25кг/меш Китай (шт);;;;;;;;;;;;3 510,00;;
Рис шлифованный 1 сорт ТУ 25 кг Краснодар (шт);;;;;;;;;;;;2 691,56;;
Семя кунжутное белое жареное Yakimal Россия 1кг/15 (шт);;;;;;;;;;;;496,80;;
Семя кунжутное черное жареное Yakimal 1кг/15 (шт);;;;;;;;;;;;496,80;;
Смесь темпурная Канеширо classic 1кг/10шт Россия (шт);;;;;;;;;;;;218,70;;
Смесь темпурная Канеширо tempura mix 1кг/10шт Россия (шт);;;;;;;;;;;;194,40;;
"Соус для угря (Unagi) 1,5л/6шт""Genso"", Россия (шт)";;;;;;;;;;;;449,80;;
Соус для угря (Unagi) 1,8л/6шт Китай (шт);;;;;;;;;;;;782,19;;
Соус Кимчи 1,8л/6 шт Китай (шт);;;;;;;;;;;;961,74;;
Соус Кимчи Tamaki 1,8л/6шт Россия (шт);;;;;;;;;;;;879,39;;
Соус Кимчи Yakimal 1,8л/6шт (шт);;;;;;;;;;;;732,24;;
Соус кунжутный (DRESSING) 1,5л/6шт Китай (шт);;;;;;;;;;;;1 150,20;;
Соус Ореховый ASA 1,5л/6шт (шт);;;;;;;;;;;;865,35;;
"Соус рисовый Мирин Фу ""Премиум"" DUNKAN 20л Россия (шт)";;;;;;;;;;;;2 591,53;;
Соус сладкий чили для курицы ASA Professional 1,8л/6шт Россия (шт);;;;;;;;;;;;516,24;;
"Соус соевый ""Классический"" DUNKAN 20л Россия (шт)";;;;;;;;;;;;1 842,05;;
"Соус соевый ""Премиум"" DUNKAN 1л/6шт Россия (шт)";;;;;;;;;;;;124,16;;
"Соус соевый ""Премиум"" DUNKAN 20л Россия (шт)";;;;;;;;;;;;2 454,30;;
Соус соевый классический Сен Сой 19л (шт);;;;;;;;;;;;2 529,40;;
Соус соевый порц  в баночке 30мл/150шт Padam (кор);;;;;;;;;;;;8,83;;
Соус соевый Сен Сой 15гр/пакет 300шт/кор Россия (кор);;;;;;;;;;;;4,06;;
Соус соевый Сен Сой 1л/6шт Россия (шт);;;;;;;;;;;;173,41;;
Соус Спайси Tamaki 1л/9 шт Россия (шт);;;;;;;;;;;;456,30;;
Соус Терияки 1,5 л/6шт Genso Россия (шт);;;;;;;;;;;;453,60;;
Соус Терияки 1,8 л/6шт Китай (шт);;;;;;;;;;;;782,19;;
Соус Терияки Yakimal 1,8л/6шт (шт);;;;;;;;;;;;529,74;;
Соус Тонкацу ASA Professional 1,8л/6шт Россия (шт);;;;;;;;;;;;637,74;;
Соус Чили сладкий AKISO 1л/6шт Россия (шт);;;;;;;;;;;;268,15;;
Стружка тунца 500гр/6шт Китай (шт);;;;;;;;;;;;1 440,45;;
"Уксус рисовый ""Премиум"" BARUTO 20л Россия (шт)";;;;;;;;;;;;1 461,21;;
"Уксус рисовый ""Премиум"" DUNKAN 20л Россия (шт)";;;;;;;;;;;;1 998,00;;
Уксус рисовый ASA Tamaki 20л (шт);;;;;;;;;;;;1 809,00;;
"Хрен сушеный ""Васаби"" OSHI 1кг/10шт Россия (шт)";;;;;;;;;;;;400,95;;
Хрен сушеный (Wasabi) ASA Tamaki Professional 2кг/10шт, Китай (шт);;;;;;;;;;;;1 154,25;;
Хрен сушеный Васаби Cho 1кг/10шт Китай (шт);;;;;;;;;;;;847,80;;
Циновка для роллов, 27х27см Китай (шт);;;;;;;;;;;;123,53;;
Замороженные овощи;;;;;;;;;;;;;;
4 сезона ;;;;;;;;;;;;;;
"Брюссельская капуста 400г/20шт ""4 сезона"" (ЕК,НТ,СРГ,ПМ,ТМ-5)";;;;;;;;;;;;157,78;;
"Горошек зеленый  400г/20шт ""4 сезона"" (ЕК,НТ,СРГ,ТМ-5; ПМ-2)";;;;;;;;;;;;99,08;;
"Клюква (дикая) 300г/20шт ""4 сезона"" (ЕК,НТ,СРГ-5; ПМ,ТМ-2)";;;;;;;;;;;;300,71;;
"Лечо 400г/20шт ""4 сезона"" (ЕК,НТ,СРГ,ПМ,ТМ-5)";;;;;;;;;;;;109,48;;
"Малина 300г/20шт ""4 сезона"" (ЕК,НТ,СРГ-5; ПМ,ТМ-2)";;;;;;;;;;;;191,70;;
"Овощи ""Гювеч"" 400г/20шт ""4 сезона"" (ЕК,НТ,СРГ-5; ПМ,ТМ-2)";;;;;;;;;;;;113,33;;
"Овощи весенние 400г/20шт ""4 сезона"" (ЕК,НТ,СРГ,ПМ,ТМ-5)";;;;;;;;;;;;101,93;;
"Овощи для жарки с шампиньонами 400г/20шт ""4 сезона"" (ЕК,НТ,СРГ-5; ПМ,ТМ-2)";;;;;;;;;;;;116,18;;
"Овощи летние 400г/20шт ""4 сезона"" (ЕК,НТ,СРГ,ПМ,ТМ-5)";;;;;;;;;;;;110,82;;
"Овощи по-деревенски 400г/20шт ""4 сезона"" (ЕК,НТ,СРГ-5; ПМ,ТМ-2)";;;;;;;;;;;;109,14;;
"Овощное рагу 400г/20шт ""4 сезона"" (ЕК,НТ,СРГ-5; ПМ,ТМ-2)";;;;;;;;;;;;100,42;;
"Паприкаш  400г/20шт ""4 сезона"" (ЕК,НТ,СРГ,ТМ-5; ПМ-2)";;;;;;;;;;;;106,80;;
"Смесь ""Гавайская""400г/20шт ""4 сезона"" (ЕК,НТ,СРГ-5; ПМ,ТМ-2)";;;;;;;;;;;;114,17;;
"Смесь ""Итальянская"" с макаронами 400г/20шт ""4 сезона"" (ЕК,НТ,СРГ,ПМ,ТМ-5)";;;;;;;;;;;;119,20;;
"Смесь ""Мексиканская""400г/20шт ""4 сезона"" (ЕК,НТ,СРГ-5; ПМ,ТМ-2)";;;;;;;;;;;;114,17;;
"Фасоль стручковая резаная 400г/20шт ""4 сезона"" (ЕК,НТ,СРГ-5; ПМ,ТМ-2)";;;;;;;;;;;;99,08;;
"Цветная капуста 400г/20шт ""4 сезона"" (ЕК,НТ,СРГ-5; ПМ,ТМ-2)";;;;;;;;;;;;120,88;;
"Шампиньоны нарезанные 400г/20шт ""4 сезона"" (ЕК-1,НТ,СРГ-5; ПМ,ТМ-2)";;;;;;;;;;;;105,79;;
"Шпинат листовой  400г/20шт ""4 сезона"" (ЕК,СРГ-5)";;;;;;;;;;;;156,10;;
Весовые овощи;;;;;;;;;;;;;;
**Абрикос половинки ВЕС 10кг Киргизия;;;;;;;;;;;;;227,00;
**Грибы белые резаные кубик 9 кг Россия ;;;;;;;;;;;;;725,00;
**Грибы белые целые Экстра 10 кг/кор Россия ;;;;;;;;;;;;;1 295,00;
**Овощи весенние (цветная капуста,морковь,перец,цукини,горох) ВЕС 10кг Россия ;;;;;;;;;;;;;142,00;
"**Смесь с баклажанами и кабачками ""Соте"" Вес 10кг Россия";;;;;;;;;;;;;194,00;
**Фасоль Романо (Лоби) ВЕС 10кг Россия;;;;;;;;;;;;;228,00;
Брокколи ВЕС 10 кг Китай;;;;;;;;;;;;;217,00;
Брокколи ВЕС 7,5 кг (ЦЕНА ЗА КОРОБКУ) Россия;;;;;;;;;;;;;1 305,00;
Брокколи ВЕС 9кг Узбекистан;;;;;;;;;;;;;197,00;
Брусника ВЕС 10 кг Россия;;;;;;;;;;;;;470,00;
Брюссельская капуста ВЕС 10кг Китай (РБ);;;;;;;;;;;;;282,00;
Вишня б/к ВЕС 10кг Узбекистан Нов;;;;;;;;;;;;;482,00;
Гавайская смесь ВЕС 10кг Россия ;;;;;;;;;;;;;167,00;
Ежевика ВЕС 10кг Китай;;;;;;;;;;;;;359,00;
Зеленый горошек ВЕС 15кг Россия;;;;;;;;;;;;;182,00;
Клубника класс А (1 класс) ВЕС 10кг  Египет;;;;;;;;;;;;;265,00;
Клюква ВЕС 10кг (садовая крупноплодная)  Китай;;;;;;;;;;;;;427,00;
Клюква ВЕС 10кг (садовая крупноплодная) Россия;;;;;;;;;;;;;402,00;
Компотная смесь Оптимальная (алыча, виноград, яблоко, абрикос полов) ВЕС 10 кг Россия;;;;;;;;;;;;;179,00;
Компотная/Ягодная смесь (вишня бк, клубника, крыжов.,слива половинки) ВЕС 10 кг Россия;;;;;;;;;;;;;290,00;
Красная смородина ВЕС 10кг Китай;;;;;;;;;;;;;285,00;
Кукуруза в початках ВЕС 9кг Россия;;;;;;;;;;;;;182,00;
Лечо ВЕС 10кг Россия;;;;;;;;;;;;;141,00;
Малина ВЕС 10кг Беларусь;;;;;;;;;;;;;477,00;
Манго ломтики  ВЕС 10кг Египет;;;;;;;;;;;;;297,00;
Мексиканская смесь (перец, фасоль, морковь, кукуруза, горошек, лук) ВЕС 10кг Россия;;;;;;;;;;;;;162,00;
Облепиха ВЕС 10кг Китай;;;;;;;;;;;;;297,00;
Перец Микс соломка 8 кг Россия;;;;;;;;;;;;;181,00;
Смесь Ягодная Фруктовая (яблоко,слива ск, абрикос ск, лимон. кожура) ВЕС 10 кг Россия;;;;;;;;;;;;;190,00;
Фасоль стручковая резаная ВЕС 10кг Египет;;;;;;;;;;;;;159,00;
Фасоль стручковая резаная ВЕС 10кг Египет Нов;;;;;;;;;;;;;154,00;
Цветная  капуста ВЕС 10кг Узбекистан;;;;;;;;;;;;;202,00;
Цветная капуста ВЕС 10кг Египет;;;;;;;;;;;;;197,00;
Цветная капуста ВЕС 10кг Китай;;;;;;;;;;;;;217,00;
Черная смородина ВЕС 10кг Китай;;;;;;;;;;;;;555,00;
Черная смородина ВЕС 12кг Россия;;;;;;;;;;;;;525,00;
Черника ВЕС 10кг Россия;;;;;;;;;;;;;485,00;
Шампиньоны резаные ВЕС 10кг Беларусь;;;;;;;;;;;;;218,00;
Шпинат резаный ВЕС 10кг Китай;;;;;;;;;;;;;249,00;
Планета Витаминов;;;;;;;;;;;;;;
**Спаржа зеленая 250г/20шт Планета Витаминов (ЕК,НТ,ПМ-5);;;;;;;;;;;;203,32;;
"Ананасы кусочки 300г/20шт Планета Витаминов (ЕК-1,НТ,СРГ-5; ПМ-2; ТМ-4)";;;;;;;;;;;;152,39;;
"Брусника 250г/20шт Планета Витаминов (ЕК,НТ,СРГ,ТМ-5; ПМ-2)";;;;;;;;;;;;152,20;;
"Клубника 300г/20шт Планета Витаминов (ЕК-2; НТ,СРГ,ТМ-5; ПМ-2)";;;;;;;;;;;;98,89;;
"Манго кубиками 300г/20шт Планета Витаминов (ЕК-2,НТ,СРГ,ТМ-5; ПМ-2)";;;;;;;;;;;;155,60;;
"Облепиха 250г/20шт Планета Витаминов (ЕК,НТ,СРГ,ТМ-5; ПМ-2)";;;;;;;;;;;;104,27;;
"Черешня б/к 250г/20шт Планета Витаминов (ЕК,НТ,СРГ,ТМ-5; ПМ-2)";;;;;;;;;;;;136,80;;
Замороженные п/ф;;;;;;;;;;;;;;
CТМ п/ф;;;;;;;;;;;;;;
Блины с варёной сгущёнкой ТМ Хозяин Барин вес 4кг ИП Тарасова;;;;;;;;;;;;313,86;;
Блины с ветчиной и сыром ТМ Хозяин Барин вес 4кг ИП Тарасова;;;;;;;;;;;;387,11;;
Блины с вишнёвым джемом ТМ Хозяин Барин вес 4кг ИП Тарасова;;;;;;;;;;;;358,55;;
Блины с курицей и грибами (жульен) 350г/4шт ТМ Хозяин Барин ИП Тарасова;;;;;;;;;;;;140,12;;
Блины с курицей и грибами (жульен) ТМ Хозяин Барин вес 4кг ИП Тарасова;;;;;;;;;;;;336,81;;
Блины с мясом 350г/4шт ТМ Хозяин Барин ИП Тарасова;;;;;;;;;;;;132,43;;
Блины с мясом и рисом ТМ Хозяин Барин вес 4кг ИП Тарасова;;;;;;;;;;;;296,84;;
Блины с мясом ТМ Хозяин Барин вес 4кг ИП Тарасова;;;;;;;;;;;;327,54;;
Блины с печенью куриной ТМ Хозяин Барин вес 4кг ИП Тарасова;;;;;;;;;;;;311,81;;
Блины с творогом ТМ Хозяин Барин вес 4кг ИП Тарасова;;;;;;;;;;;;309,76;;
Ёжики ТМ Хозяин Барин вес 4кг ИП Тарасова;;;;;;;;;;;;360,41;;
Перец фаршированный ТМ Хозяин Барин вес 5кг ИП Тарасова;;;;;;;;;;;;348,22;;
ГлавСуп/ФУП;;;;;;;;;;;;;;
Бигус (капуста тушеная) со свининой 300гр/8шт ГлавСуп (ЕК,НТ,СРГ-4);;;;;;;;;;;;226,92;;
"Гуляш из говядины с лапшой 300гр/8шт ГлавСуп (ЕК,НТ,СРГ-4; ПМ,ТМН-2)";;;;;;;;;;;;259,14;;
"Котлета с картофельным пюре 300гр/8шт ГлавОбед (ЕК,НТ,СРГ-4; ПМ,ТМН-2)";;;;;;;;;;;;186,60;;
"Лапша по-китайски с курицей 300г/8шт ГлавСуп (ЕК,НТ,СРГ-4; ПМ,ТМН-2)";;;;;;;;;;;;224,27;;
Макароны по-флотски 300гр/8шт ГлавСуп (ЕК,НТ,СРГ-4);;;;;;;;;;;;208,52;;
"Паста с мясным фаршем в соусе болоньез 300г/8шт ГлавСуп (ЕК,НТ,СРГ-4; ПМ-2)";;;;;;;;;;;;170,48;;
"Плов с курицей 300гр/8шт ГлавОбед (ЕК,НТ,СРГ-4; ПМ,ТМН-2)";;;;;;;;;;;;227,64;;
"Поджарка из свинины с рисом 300гр/8шт ГлавОбед (ЕК,НТ,СРГ-4; ТМН-2)";;;;;;;;;;;;237,21;;
"Суп Борщ оригинальный с говядиной 250гр/12шт ГлавСуп (ЕК,СРГ,НТ,ТМ-4; ПМ-2)";;;;;;;;;;;;132,47;;
"Суп Борщ с курицей 250гр/12шт ГлавСуп (ЕК,СРГ,НТ,ТМ-4; ПМ-2)";;;;;;;;;;;;110,63;;
"Суп Гороховый с копченостями 250гр/12шт ГлавСуп (ЕК,СРГ,НТ,ТМ-4; ПМ-2)";;;;;;;;;;;;106,50;;
Суп Грибной сливочный 250г/8шт ТМ Быстро и Вкусно (ЕК,НТ,СРГ,ПМ-2);;;;;;;;;;;;104,50;;
Суп Лагман по-уйгурски 250г/8шт ТМ Быстро и Вкусно (ЕК,НТ,СРГ,ПМ-2);;;;;;;;;;;;97,80;;
"Суп Лагман с говядиной 250гр/12шт ГлавСуп (ЕК,СРГ,НТ,ТМ-4; ПМ-2)";;;;;;;;;;;;163,83;;
"Суп Рассольник с курицей 250гр/12шт ГлавСуп (ЕК,СРГ,НТ,ТМ-4; ПМ-2)";;;;;;;;;;;;106,50;;
"Суп Солянка по-домашнему 250гр/12шт ГлавСуп (ЕК,НТ,СРГ,ТМ-4; ПМ-2)";;;;;;;;;;;;115,65;;
Суп ТОМ ЯМ грибы, креветки, курица 360гр/6шт ГлавСуп (ЕК,СРГ,НТ,ПМ,ТМ-3);;;;;;;;;;;;291,06;;
"Суп Харчо с курицей 250гр/12шт ГлавСуп (ЕК,СРГ,НТ,ТМ-4; ПМ-2)";;;;;;;;;;;;106,50;;
"Суп Щи по-деревенски 250гр/12шт ГлавСуп (ЕК,НТ,СРГ-4; ПМ-2)";;;;;;;;;;;;106,59;;
"Суп-лапша с курицей 250гр/12шт ГлавСуп (ЕК,НТ,СРГ-4; ПМ-2)";;;;;;;;;;;;114,92;;
Горячая штучка ;;;;;;;;;;;;;;
Бельмеши 300г/12шт ТМ Горячая штучка (НТ,СРГ-шт);;;;;;;;;;;;137,49;;
Круггетсы с сырным соусом 250г/12шт ТМ Горячая штучка (ЕК,НТ,СРГ,ПМ,ТМ-шт);;;;;;;;;;;;136,79;;
Нагетосы Сочная курочка в хрустящей панировке 0,25кг/6шт ТМ Горячая штучка (ЕК,НТ,СРГ,ПМ,ТМ-шт);;;;;;;;;;;;118,04;;
Хот-догстер с сыром 90г/30шт ТМ Горячая штучка ;;;;;;;;;;;;65,23;;
Хотстеры 250г/12шт ТМ Горячая штучка (ЕК,НТ,СРГ,ПМ,ТМ-шт);;;;;;;;;;;;144,75;;
Хрустящие крылышки 300г/12шт ТМ Горячая штучка (ЕК,НТ,СРГ,ТМ-шт);;;;;;;;;;;;182,51;;
Чебупели с ветчиной и сыром 300г/12шт ТМ Горячая штучка (ЕК,НТ,СРГ,ПМ,ТМ-шт);;;;;;;;;;;;129,45;;
Чебупели сочные с мясом 300г/12шт ТМ Горячая штучка (ЕК,НТ,СРГ,ПМ,ТМ-шт);;;;;;;;;;;;120,45;;
Чебупицца Курочка по-итальянски 250г/12шт ТМ Горячая штучка (ЕК,НТ,СРГ,ПМ,ТМ-шт);;;;;;;;;;;;140,01;;
Чебупицца пепперони 250г/12шт ТМ Горячая штучка (ЕК,НТ,СРГ,ПМ,ТМ-шт);;;;;;;;;;;;140,01;;
Чебуреки с мясом 90г/24шт ТМ Горячая штучка ;;;;;;;;;;;;31,14;;
Горячая штучка ВЕС;;;;;;;;;;;;;;
Жар-ладушки пирожки с мясом ВЕС 3,7 кг ТМ Горячая Штучка;;;;;;;;;;;;1 054,59;;
Жар-ладушки пирожки с мясом, картофелем и грибами ВЕС 3,7 кг ТМ Горячая Штучка;;;;;;;;;;;;1 010,62;;
Жар-ладушки пирожки с яблоком и грушей ВЕС 3,7 кг ТМ Горячая Штучка;;;;;;;;;;;;945,97;;
Мини-чебуреки (Жар-мени) с мясом ВЕС 5,5кг ТМ Горячая Штучка;;;;;;;;;;;;1 410,80;;
Мини-шарики с курочкой и сыром ВЕС 3 кг ТМ Горячая Штучка;;;;;;;;;;;;278,03;;
Наггетсы Хрустящие из мяса птицы в панировке ВЕС 6 кг ТМ Горячая Штучка;;;;;;;;;;;;325,38;;
Фрайпики мини-сосиски в тесте ВЕС 3,7кг ТМ Горячая Штучка;;;;;;;;;;;;1 221,57;;
Чебуреки с мясом ВЕС 2,7кг (90 г) ТМ Горячая Штучка;;;;;;;;;;;;788,04;;
Чебуреки Сочные куриные жареные ВЕС 5кг ТМ Горячая Штучка;;;;;;;;;;;;269,03;;
Звездный/Хлебный дом;;;;;;;;;;;;;;
Тесто слоеное бездрож. 1кг/8шт ТМ Хлебный дом (СРГ-4);;;;;;;;;;;;193,29;;
Тесто слоеное бездрож. 500г/16шт ТМ Хлебный дом (ЕК,СРГ,ТМ-4);;;;;;;;;;;;102,90;;
Тесто слоеное дрожжевое 500г/16шт ТМ Хлебный дом (ЕК,СРГ,ТМ-4);;;;;;;;;;;;102,90;;
Котлеты;;;;;;;;;;;;;;
**Куриный поп корн готовый ВЕС 6кг Россия;;;;;;;;;;;;583,60;;
"**Фарш Говяжий в/у МПЗ ""Ромашкино"" 1кг/8шт (ЕК,НТ,СРГ,ПМ,ТМ-2)";;;;;;;;;;;;403,20;;
"**Фарш Домашний в/у МПЗ ""Ромашкино"" 1кг/8шт (ЕК,НТ,СРГ,ПМ,ТМ-2)";;;;;;;;;;;;384,00;;
"Голубцы фаршированные мясом и рисом ""От Вадимыча"" ВЕС 5кг ИП Власов";;;;;;;;;;;;189,15;;
"Ежики с рисом ""От Вадимыча"" ВЕС 5кг ИП Власов";;;;;;;;;;;;175,50;;
"Котлеты ""Для перекуса"" (обжар.) ВЕС 6кг Приосколье (Новые)";;;;;;;;;;;;258,00;;
"Котлеты ""От Вадимыча-Нямки"" ВЕС 5кг ИП Власов";;;;;;;;;;;;175,50;;
Котлеты Домашние ВЕС 5кг ТМ Сальников;;;;;;;;;;;;286,06;;
Котлеты из мяса цыпленка в панировке ВЕС 6кг Домашняя сказка;;;;;;;;;;;;239,50;;
Котлеты лососевые ВЕС 5кг ТМ СКОРОЖАРКА;;;;;;;;;;;;300,00;;
Люля-кебаб ВЕС 5кг Сальников;;;;;;;;;;;;297,85;;
МАГнаггетсы готовые ВЕС 6кг Домашняя сказка;;;;;;;;;;;;423,00;;
Наггетсы из мяса цыпленка в панировке ВЕС 6кг Домашняя сказка;;;;;;;;;;;;263,00;;
Ножка цыпленка в панировке п/ф рубленный ВЕС 6кг Домашняя сказка;;;;;;;;;;;;240,00;;
Окорочок цыпленка в панировке п/ф рубленный ВЕС 5кг Домашняя сказка;;;;;;;;;;;;240,00;;
Палочки из мяса цыпленка в панировке ВЕС 6кг Домашняя сказка;;;;;;;;;;;;239,50;;
Сырники творожные готовые 240г/8шт ТМ Быстро и Вкусно (ЕК,НТ,СРГ,ПМ-2);;;;;;;;;;;;115,47;;
Чебуреки жареные с мясом (90 г) ВЕС 4кг ТМ Быстро и Вкусно;;;;;;;;;;;;305,80;;
"Чебуреки с мясом ""VEZDEHOT"" 100 гр/30шт ТМ Сальников";;;;;;;;;;;;44,58;;
Чебурешки сочные с мясом ВЕС 3кг ТМ Быстро и Вкусно;;;;;;;;;;;;302,80;;
Шикартосы пирожки с картофелем и грибами 280г/8шт ТМ Быстро и Вкусно (ЕК,НТ,СРГ,ПМ-2);;;;;;;;;;;;94,66;;
Масло сливочное;;;;;;;;;;;;;;
Масло Крестьянское сладко-слив. несоленое 72,5% 180г/50шт ТМ Молочная Благодать (ЕК,НТ,СРГ,ПМ,ТМ-3);;;;;;;;;;;;185,60;;
Масло сливочное крестьянское 72,5% 170г/12шт ТМ Коровка из Кореновки (ЕК,НТ,СРГ,ПМ,ТМ-6);;;;;;;;;;;;213,94;;
Сибирский Гурман;;;;;;;;;;;;;;
Блинчики Солнцепек без начинки 360г/12шт Сибирский Гурман (ЕК,НТ,ПМ-5);;;;;;;;;;;;92,37;;
Оладьи Солнцепек 275г/10шт Сибирский Гурман;;;;;;;;;;;;94,46;;
Сырники Солнцепек по-домашнему 330г/10шт Сибирский Гурман (НТ,ТМ-5);;;;;;;;;;;;256,38;;
Тесто слоеное дрожжевое (квадрат) 500гр/7шт Едим Дома (ЕК,НТ,СРГ,ПМ,ТМ-3);;;;;;;;;;;;108,35;;
Тесто слоеное пресное (квадрат) 500гр/7шт Едим Дома (ЕК,НТ,СРГ,ПМ,ТМ-3);;;;;;;;;;;;108,35;;
Сибирский Гурман Выпечка ;;;;;;;;;;;;;;
Конверт с ветчиной и сыром 100г/32шт Сибирский Гурман ;;;;;;;;;;;;30,49;;
Пирожок с творожной начинкой и лимоном 90г/32шт Сибирский Гурман;;;;;;;;;;;;22,07;;
Самса с говядиной 100г/32шт Сибирский Гурман;;;;;;;;;;;;35,26;;
Самса с курицей 110г/32шт Сибирский Гурман ;;;;;;;;;;;;26,65;;
Слойка с абрикосом 85г/32шт Сибирский Гурман ;;;;;;;;;;;;26,98;;
Слойка с вишней 90г/32шт Сибирский Гурман ;;;;;;;;;;;;27,55;;
Слойка с малиной 90г/32шт Сибирский Гурман ;;;;;;;;;;;;25,57;;
Слойка с яблоком 90г/32шт Сибирский Гурман ;;;;;;;;;;;;26,33;;
Союзпищепром;;;;;;;;;;;;;;
**Слойка Венская с грушей 80гр/45 шт Союзпищепром;;;;;;;;;;;;22,30;;
**Слойка с маком 100гр/30 шт Союзпищепром;;;;;;;;;;;;25,81;;
**Сочень творожный 90гр/45 шт Союзпищепром;;;;;;;;;;;;28,61;;
Тесто слоеное бездрожжевое  пласт. ВЕС 5кг Союзпищепром;;;;;;;;;;;;183,82;;
"Тесто слоеное бездрожжевое 400гр/12шт пласт. ТМ ""Затейница"" (ЕК,НТ-6; ПМ-3; ТМ-4)";;;;;;;;;;;;70,14;;
Тесто слоеное дрожжевое  пласт. ВЕС 5кг Союзпищепром;;;;;;;;;;;;183,82;;
"Тесто слоеное дрожжевое 400гр/12шт пласт. ТМ ""Затейница"" (ЕК,НТ-6; ПМ-3; ТМ-4)";;;;;;;;;;;;76,21;;
Морепродукты;;;;;;;;;;;;;;
Крабовое мясо, палочки;;;;;;;;;;;;;;
"Крабовые палочки ""Atlantida"" 190г/30шт (ЕК,НТ-3; СРГ,ПМ,ТМ-10)";;;;;;;;;;;;54,91;;
Мороженое;;;;;;;;;;;;;;
CТМ мороженое ;;;;;;;;;;;;;;
"В/С ""Бабалу"" ванильный (змж) 8% 60г/24шт ИП Тарасова";;;;;;;;;;;;26,24;;
"В/С ""Бабалу"" десерт баббл гам (змж) 60г/24шт ИП Тарасова";;;;;;;;;;;;31,86;;
"В/С ""Бабалу"" десерт манго (змж) 60г/24шт ИП Тарасова";;;;;;;;;;;;31,86;;
"В/С ""Бабалу"" с шок. крошкой (змж) 8% 60г/24шт ИП Тарасова";;;;;;;;;;;;29,03;;
"В/С ""Бабалу"" шоколадный (змж) 8% 60г/24шт ИП Тарасова";;;;;;;;;;;;28,75;;
"В/С ""Снеговик"" десерт ванильный (змж) 4% 60г/24шт ИП Тарасова";;;;;;;;;;;;20,14;;
"В/С ""Уралец"" ГОСТ 8% сливочное ванильное 70г/24шт ИП Тарасова";;;;;;;;;;;;41,32;;
"В/С ""Уралец"" ГОСТ 8% сливочное крем-брюле 70г/24шт Тарасова";;;;;;;;;;;;44,62;;
"В/С ""Уралец"" ГОСТ 8% сливочное с солёной карамелью 85г/24шт Тарасова";;;;;;;;;;;;49,13;;
"В/С ""Уралец"" ГОСТ 8% сливочное с черничным джемом 85г/24шт Тарасова";;;;;;;;;;;;49,13;;
"В/С ""Уралец"" ГОСТ 8% сливочное шоколадное 70г/24шт ИП Тарасова";;;;;;;;;;;;45,32;;
"В/С ""Уралец"" пломбир ГОСТ 12% 70г/24шт Тарасова";;;;;;;;;;;;44,99;;
"Весовое ""Бабалу"" ванильное (змж) 12% 400г/5шт ИП Тарасова ";;;;;;;;;;;;175,19;;
"Весовое ""Бабалу"" ванильное (змж) 12% 800г/5шт ИП Тарасова ";;;;;;;;;;;;344,58;;
"Весовое ""Бабалу"" конфитюр клубника (змж) 12% 400г/5шт ИП Тарасова (ЕК,НТ,СРГ,ПМ,ТМ-2)";;;;;;;;;;;;158,27;;
"Весовое ""Бабалу"" конфитюр малина (змж) 12% 400г/5шт ИП Тарасова (ЕК,НТ,СРГ,ПМ,ТМ-2)";;;;;;;;;;;;158,27;;
"Весовое ""Бабалу"" солёная карамель (змж) 12% 400г/5шт ИП Тарасова (ЕК,НТ,СРГ,ПМ,ТМ-2)";;;;;;;;;;;;158,27;;
"Весовое ""Уралец"" пломбир 12% ГОСТ 800г/5шт Тарасова";;;;;;;;;;;;451,48;;
"Пл/ст ""Бабалу"" ван. с вареной сгущенкой (змж) 10% 80г/24шт ИП Тарасова";;;;;;;;;;;;44,37;;
"Эскимо ""Бабалу"" ванильное в шоколадной глазури (змж) 8% 60г/40шт ИП Тарасова";;;;;;;;;;;;34,60;;
"Эскимо ""Ириска тоффи"" сливочное 8% в шок. глазури 65г/20шт МирХолода";;;;;;;;;;;;52,50;;
"Эскимо ""Уралец"" ГОСТ пломбир 12% 70г/20шт Тарасова ";;;;;;;;;;;;46,98;;
"Эскимо ""Эскиму"" печенье и карамель пломбир в молочном шоколаде 12% 74г/20шт МирХолода";;;;;;;;;;;;73,00;;
"Эскимо ""Эскиму"" солёный арахис и карамель сливочное в мол. шоколаде 8% 65г/20шт МирХолода";;;;;;;;;;;;73,00;;
Эскимо печенье и карамель пломбир в молочном шоколаде 12% 74г/20шт МирХолода;;;;;;;;;;;;73,00;;
Эскимо солёный арахис и карамель сливочное 8% в мол. шоколаде 65г/20шт МирХолода;;;;;;;;;;;;73,00;;
Гастроемкости;;;;;;;;;;;;;;
"**Контейнер ""Ванильное"" (змж) 12%"" 2,5кг/2шт ИП Тарасова (ЕК,НТ,СРГ,ПМ,ТМ-шт)";;;;;;;;;;;;768,08;;
"**Контейнер ""Клубника"" (змж) 12%"" 2,5кг/2шт ИП Тарасова (ЕК,НТ,СРГ,ПМ,ТМ-шт)";;;;;;;;;;;;768,08;;
"**Контейнер ""Пломбир 12%"" 2,5кг/2шт ИП Тарасова (ЕК,НТ,СРГ,ПМ,ТМ-шт)";;;;;;;;;;;;1 051,93;;
"**Контейнер ""Шоколад"" (змж) 12% 2,5кг/2шт ИП Тарасова (ЕК,НТ,СРГ,ПМ,ТМ-шт)";;;;;;;;;;;;803,39;;
"*Контейнер ""Леденцы и Бабл-Гам"" (змж) 8%"" 2,5кг/2шт ИП Тарасова (ЕК,НТ,СРГ,ПМ,ТМ-шт)";;;;;;;;;;;;600,00;;
"Весовое ""Бабалу"" ванильное (змж) 12% 2000г/4шт ИП Тарасова";;;;;;;;;;;;457,92;;
Гроспирон;;;;;;;;;;;;;;
Брикет/вафля Пломбир на сливках 90г/32шт Гроспирон;;;;;;;;;;;;69,66;;
"Бум/ст ""Кедровый пломбир"" 70г/24шт Гроспирон";;;;;;;;;;;;64,45;;
Бум/ст Пломбир на сливках 80г/24шт Гроспирон;;;;;;;;;;;;61,29;;
"Ведро ""Кедровый пломбир"" 410г/6шт Гроспирон (ЕК,НТ,ПМ,ТМ-2)";;;;;;;;;;;;364,35;;
"Ведро Пломбир на сливках 430г/6шт Гроспирон (ЕК,НТ,СРГ-2; ПМ,ТМ-шт)";;;;;;;;;;;;318,81;;
Рожок Пломбир на сливках 110г/21шт Гроспирон;;;;;;;;;;;;83,70;;
Колибри;;;;;;;;;;;;;;
"В/С ""ПЛОСКИЙ СТАКАН"" ""Настоящий пломбир"" 90г/30шт Колибри";;;;;;;;;;;;56,06;;
"В/С ""Снежный шарик"" фисташковое (змж) 90г/30шт Колибри";;;;;;;;;;;;41,76;;
Контейнер МИКС ICE PARTY (змж) 450гр/4шт Колибри ;;;;;;;;;;;;235,20;;
Рожок банан-клубника (змж) 90г/20шт Колибри;;;;;;;;;;;;44,18;;
Рожок в шоколадной глазури (змж) 100г/20шт Колибри;;;;;;;;;;;;44,75;;
Эскимо Фисташковое в белой глазури с орехами (змж) 70г20шт Колибри;;;;;;;;;;;;40,62;;
Коровка из Кореновки;;;;;;;;;;;;;;
В/С пломбир 100г/30шт КизК;;;;;;;;;;;;75,07;;
В/С пломбир крем-брюле 100г/30шт КизК;;;;;;;;;;;;75,07;;
В/С пломбир с шок.крошкой 80г/30шт КизК;;;;;;;;;;;;79,34;;
В/С пломбир шоколад 100г/30шт КизК;;;;;;;;;;;;77,19;;
Весовое пломбир 1000г/5шт КизК ;;;;;;;;;;;;623,79;;
Весовое пломбир 400г/8шт (полено) КизК (ЕК,НТ,СРГ,ПМ,ТМ-2);;;;;;;;;;;;270,66;;
Весовое пломбир крем-брюле 400г/8шт (полено) КизК (ЕК,НТ,СРГ,ПМ,ТМ-2);;;;;;;;;;;;270,66;;
Весовое пломбир сердечное манго и маракуйя 400г/8шт (полено) КизК (ЕК,НТ,СРГ,ПМ,ТМ-2);;;;;;;;;;;;277,89;;
Весовое пломбир сердечное шоколад и ваниль 400г/8шт (полено) КизК (ЕК,НТ,СРГ,ПМ,ТМ-2);;;;;;;;;;;;270,66;;
Весовое пломбир сердечное шоколад и вишня 200г/8шт (полено) КизК ;;;;;;;;;;;;160,41;;
Рожок пломбир с клубничным джемом 120г/12шт КизК;;;;;;;;;;;;113,00;;
Рожок пломбир с шоколадной крошкой 120г/12шт КизК;;;;;;;;;;;;113,00;;
"Трубочка ""Кубанская Лакомка"" пломбир в шок.- сливочн. глазури 90г/20шт КизК";;;;;;;;;;;;87,52;;
Эскимо круглое пломбир в шок.-слив. глазури 70г/28шт КизК;;;;;;;;;;;;51,23;;
Эскимо пломбир в мол.- шок. глазури с фундуком 70г/20шт КизК;;;;;;;;;;;;92,79;;
Эскимо пломбир в шок.глазури 70г/20шт КизК;;;;;;;;;;;;81,39;;
Эскимо пломбир шоколадный в шок.глазури с какао-крупкой 70г/20шт КизК;;;;;;;;;;;;81,39;;
РосФрост;;;;;;;;;;;;;;
Брикет/вафля Настоящий Пломбир 20% 80г/32шт РосФрост ;;;;;;;;;;;;63,65;;
"Бум/ст ""Настоящий пломбир"" 15% 80г/24шт РосФрост ";;;;;;;;;;;;57,76;;
"В/С ""Советский стандарт"" пломбир в упак. 14% 100г/22шт РосФрост";;;;;;;;;;;;75,14;;
"Весовое ""100% Настоящий Классический"" в п/э (змж) 1кг/4шт РосФрост";;;;;;;;;;;;424,54;;
"Пл/ст ""Снеговик Ваня"" ван. с вареной сгущенкой (змж) 12% 80г/24шт РосФрост";;;;;;;;;;;;49,73;;
"Пл/ст ""Снегурочка Маня"" кр-бр. с вареной сгущенкой (змж) 12% 80г/24шт РосФрост";;;;;;;;;;;;49,73;;
Пл/ст Берилето сливочное манговое с кусочками манго 10% 175г/6шт РосФрост;;;;;;;;;;;;122,01;;
Пл/ст Берилето сливочное с джемом лесные ягоды 10% 175г/6шт РосФрост;;;;;;;;;;;;114,90;;
"Рожок ""Настоящий пломбир"" 15% 80г/16шт РосФрост";;;;;;;;;;;;59,23;;
Рожок Советский Стандарт пломбир 14% 100г/14шт РосФрост;;;;;;;;;;;;76,38;;
"Торт ""Настоящий пломбир"" зефирное мороженое 15% 400г/3шт РосФрост";;;;;;;;;;;;359,88;;
"Эскимо ""Берилето"" манго щербет 3% 70г/20шт РосФрост";;;;;;;;;;;;45,38;;
"Эскимо ""Ванильное в шоколадной глазури"" (змж) 8,5% 60г/40шт РосФрост";;;;;;;;;;;;35,74;;
"Эскимо ""Шоколадный Трюфель"" (змж) 12% 65г/35шт РосФрост";;;;;;;;;;;;40,56;;
Торты;;;;;;;;;;;;;;
"Торт ""Клубничные облака"" 500гр/2шт Татьянин двор";;;;;;;;;;;;266,00;;
"Торт ""Пикник"" 550гр/2шт Татьянин двор";;;;;;;;;;;;368,00;;
"Торт ""Пломбир"" 800гр/2шт Татьянин двор";;;;;;;;;;;;428,00;;
"Торт ""Старая Прага"" 600гр/2шт Татьянин двор";;;;;;;;;;;;342,00;;
"Торт ""Тирамису"" 800гр/2шт Татьянин двор";;;;;;;;;;;;418,00;;
Торт «Творожно-йогуртовый» 800гр/2шт Татьянин двор;;;;;;;;;;;;418,00;;
Торт «Фисташковый с вишней» 750гр/2шт Татьянин двор;;;;;;;;;;;;472,00;;
Фронери;;;;;;;;;;;;;;
"В/С ""48 копеек"" манго НОВ 160мл 94гр/30шт Фронери";;;;;;;;;;;;112,24;;
"В/С ""48 копеек"" пломбир НОВ 160мл 88гр/30шт Фронери";;;;;;;;;;;;80,52;;
"В/С ""48 копеек"" шоколад НОВ 160мл 88гр/30шт Фронери";;;;;;;;;;;;84,55;;
"Десерт с желе ""Бон Пари"" Джангли Ваниль/Банан 47мл 45г/36шт Фронери";;;;;;;;;;;;51,90;;
"Десерт ягодный с жев. резинкой ""Бон Пари"" Кошмарики 66мл 59гр/32шт Фронери";;;;;;;;;;;;93,73;;
"Рожок ""48 копеек"" ДеЛюкс Клубника-Малина 120мл 78г/24шт Фронери";;;;;;;;;;;;109,90;;
"Рожок ""48 копеек"" пломбир с миндалем НОВ 200мл 106гр/18шт Фронери";;;;;;;;;;;;133,24;;
"Рожок ""48 копеек"" пломбир с черной смородиной НОВ 200мл 111гр/18шт Фронери";;;;;;;;;;;;139,89;;
"Рожок ""Орео"" НОВ 120мл 72гр/24шт Фронери";;;;;;;;;;;;115,45;;
"Рожок ""Санрем"" Клубника 120мл 73г/24шт Фронери";;;;;;;;;;;;107,11;;
"Рожок ""Санрем"" Малина-Банан 120мл 78г/24шт Фронери";;;;;;;;;;;;107,11;;
"Сендвич ""МаксиДуо"" Страчателла 140мл 92г/24шт Фронери";;;;;;;;;;;;125,81;;
"Сендвич ""Орео"" НОВ 130мл 76гр/24шт Фронери";;;;;;;;;;;;95,99;;
"Фруктовый лед ""Бон Пари"" Арбузик 73мл 67гр/27шт Фронери";;;;;;;;;;;;70,21;;
"Фруктовый лед ""Бон Пари"" Ураган карамель 54мл 60гр/44шт Фронери";;;;;;;;;;;;70,21;;
"Фруктовый лед ""Почемучка"" ананас/виноград 54мл 60гр/44шт Фронери";;;;;;;;;;;;44,32;;
"Эскимо ""48 копеек"" ДеЛюкс Миндаль 90мл 59гр/27шт Фронери";;;;;;;;;;;;98,48;;
"Эскимо ""48 копеек"" пломбир с клюквенным морсом НОВ 82мл 61гр/40шт Фронери";;;;;;;;;;;;85,50;;
"Эскимо ""Альпен Гольд"" НОВ 90мл 58гр/27шт Фронери";;;;;;;;;;;;126,88;;
"Эскимо ""МаксиДуо"" Вафельный Микс 63гр 90мл/27шт Фронери ";;;;;;;;;;;;97,54;;
"Эскимо ""Милка"" лесные ягоды 90мл 64гр/27шт Фронери";;;;;;;;;;;;149,33;;
"Эскимо ""Милка"" сливочное с шоколадным соусом 90мл 62гр/27шт Фронери";;;;;;;;;;;;144,08;;
"Эскимо ""Нестле"" Миндаль в глазури НОВ 90мл 59гр/27шт Фронери";;;;;;;;;;;;112,20;;
"Эскимо ""Орео"" НОВ 90мл 56гр/27шт Фронери";;;;;;;;;;;;106,99;;
Фронери (брикеты, контейнеры);;;;;;;;;;;;;;
"Брикет ""48 копеек"" ДеЛюкс клубничный десерт 400мл 243гр/25шт Фронери (ЕК,НТ,ПМ,ТМ-5)";;;;;;;;;;;;169,40;;
"Брикет ""48 копеек"" ДеЛюкс сливочный 400мл 210гр/25шт Фронери (ЕК,НТ,СРГ-5; ТМ,ПМ-2) ";;;;;;;;;;;;169,40;;
"Брикет ""48 копеек"" пломбир 400мл 210гр/25шт Фронери (ЕК,НТ,СРГ,ПМ,ТМ-5)";;;;;;;;;;;;185,91;;
"Брикет ""48 копеек"" шоколадное 400мл 232гр/25шт Фронери (ЕК,НТ,ПМ-5)";;;;;;;;;;;;182,74;;
"Контейнер ""48 копеек"" Пломбир НОВ 800мл 419гр/8шт Фронери (ЕК,НТ,ПМ,ТМ-шт)";;;;;;;;;;;;442,46;;
"Контейнер ""48 копеек"" Черная смородина 800мл 464г/8шт Фронери";;;;;;;;;;;;586,73;;
"Контейнер ""48 копеек"" Шоколадная Прага МЛК 800мл 432гр/8шт Фронери ";;;;;;;;;;;;586,73;;
Чистая Линия;;;;;;;;;;;;;;
"В/С ""Протеиновое"" пломбир без сахарозы 80г/25шт Чистая Линия";;;;;;;;;;;;86,01;;
"В/С ""Радуга"" пломбир четырёхслойный 90г/25шт Чистая Линия";;;;;;;;;;;;69,15;;
Пломбир ванильный 70г/28шт дой-пак Чистая Линия;;;;;;;;;;;;81,30;;
"Эскимо ""Единорожка"" пломбир трехслойный 65г/24шт Чистая Линия";;;;;;;;;;;;59,77;;
"Эскимо ""Зюзя"" пломбир ванильный в шок.глазури 80г/40шт Чистая Линия";;;;;;;;;;;;66,82;;
"Эскимо пломбир ванильный в апельсиновой глазури ""MAROC"" 70г/25шт Чистая Линия";;;;;;;;;;;;54,33;;
Шин-Лайн;;;;;;;;;;;;;;
"В/С пломбир ""Мишка на полюсе"" 100г/36шт Шин-Лайн ";;;;;;;;;;;;63,07;;
"В/С пломбир с топл.молоком ""Мишка на полюсе"" 100г/36шт Шин-Лайн ";;;;;;;;;;;;63,07;;
Фруктовый лёд «Джусики» ананас 70г/40шт Шин-Лайн;;;;;;;;;;;;26,46;;
"Эскимо ""Лесная Белочка"" пломбир в глазури 70г/26шт Шин-Лайн";;;;;;;;;;;;60,38;;
Эскимо «Сладкоежка Косолапый» сливочн. в глазури с орехами 65г/26шт Шин-Лайн;;;;;;;;;;;;60,49;;
Эскимо пломбир «Мишка на полюсе» в горячем шоколаде 70г/24шт Шин-Лайн;;;;;;;;;;;;68,05;;
Эскимо пломбир «Мишка на полюсе» зефир в томленом мягком шоколаде 75г/26шт Шин-Лайн;;;;;;;;;;;;71,82;;
Эскимо пломбир «Мишка на полюсе» с ароматом топленого молока  70г/26шт Шин-Лайн;;;;;;;;;;;;55,19;;
Эскимо пломбир «Мишка на полюсе» с ароматом черники и голубики 75г/26шт Шин-Лайн;;;;;;;;;;;;64,26;;
Пельмени, вареники;;;;;;;;;;;;;;
CТМ пельмени;;;;;;;;;;;;;;
Вареники с каpтoфелем ТМ Хозяин Барин ВЕС 5кг Меленка;;;;;;;;;;;;201,14;;
"Вареники с картофелем 350г/12шт ТМ Хозяин Барин ФУП (ЕК,СРГ-4; НТ,ПМ,ТМ-2)";;;;;;;;;;;;62,55;;
"Манты ""Вах!"" с говядиной ТМ Хозяин Барин ВЕС 5кг ИП Тарасова";;;;;;;;;;;;312,78;;
"Пельмени ""Коррида"" 800г/4шт ТМ Хозяин Барин ИП Тарасова";;;;;;;;;;;;242,27;;
"Пельмени ""Министерские"" ТМ Хозяин Барин ВЕС 5кг ИП Тарасова";;;;;;;;;;;;321,16;;
"Пельмени ""Мусульманские"" 700г/4шт ТМ Хозяин Барин ИП Тарасова";;;;;;;;;;;;248,17;;
"Пельмени ""Ням-нямыч"" (бегемотики) ТМ Хозяин Барин вес 5кг ИП Тарасова";;;;;;;;;;;;300,20;;
"Пельмени ""Премиум"" 700г/4шт ТМ Хозяин Барин ИП Тарасова";;;;;;;;;;;;241,87;;
"Пельмени ""С мясом говядины и свинины"" 800г/4шт ТМ Хозяин Барин ИП Тарасова";;;;;;;;;;;;187,96;;
"Пельмени ""С мясом говядины и свинины"" ТМ Хозяин Барин ВЕС 5кг ИП Тарасова";;;;;;;;;;;;231,67;;
"Пельмени ""Столичные"" 700г/4шт ТМ Хозяин Барин ИП Тарасова";;;;;;;;;;;;237,22;;
"Пельмени ""Три веселых гуся"" 800г/6шт ТМ Хозяин Барин Морозко (ЕК,НТ,СРГ,ПМ,ТМ-3)";;;;;;;;;;;;154,00;;
"Пельмени ""Три молодых бычка"" 800г/4шт ТМ Хозяин Барин ИП Тарасова";;;;;;;;;;;;198,92;;
"Пельмени ГОСТ ""Сибирские"" 800г/6шт ТМ Хозяин Барин Морозко";;;;;;;;;;;;218,94;;
"Пельмени ручная лепка ""Со сливками"" 800г/4шт ТМ Хозяин Барин ИП Тарасова";;;;;;;;;;;;272,67;;
"Пельмени ручная лепка Фирменные ""С мясом говядины и свинины"" 800г/4шт ТМ Хозяин Барин ИП Тарасова";;;;;;;;;;;;272,67;;
"Хинкали ""Вах!"" из говядины 700г/4шт ТМ Хозяин Барин ИП Тарасова";;;;;;;;;;;;270,79;;
Хинкали По-грузински ТМ Хозяин Барин ВЕС 5кг Меленка;;;;;;;;;;;;368,74;;
Ардис;;;;;;;;;;;;;;
Пельмени рыбные из минтая 400г/10шт Ардис (ЕК,НТ,СРГ,ПМ,ТМ-5);;;;;;;;;;;;70,40;;
Горячая штучка (бульмени);;;;;;;;;;;;;;
Бульмени Наваристые с говядиной и свининой ВЕС 2,7кг ТМ Горячая Штучка цена за кор;;;;;;;;;;;;595,54;;
Бульмени с говядиной и свининой. Бульон внутри 400г/16шт ТМ Горячая штучка (ЕК,НТ,СРГ,ПМ,ТМ-2);;;;;;;;;;;;112,74;;
Бульмени с говядиной и свининой. Бульон внутри 700г/10шт ТМ Горячая штучка (ЕК,НТ,СРГ,ПМ,ТМ-4);;;;;;;;;;;;190,06;;
Бульмени со сливочным маслом. Бульон внутри 400г/16шт ТМ Горячая штучка (ЕК,НТ,СРГ,ПМ,ТМ-2);;;;;;;;;;;;113,85;;
Бульмени со сливочным маслом. Бульон внутри 700г/10шт ТМ Горячая штучка (ЕК,НТ,СРГ,ПМ,ТМ-4);;;;;;;;;;;;191,99;;
Любимая Зима*;;;;;;;;;;;;;;
"Братцы вареники с карт. и гриб. 350г/12шт (ООО ""ФУП"") (ЕК,НТ,СРГ-6; ПМ-3)";;;;;;;;;;;;80,50;;
"Братцы вареники с КАРТ. И ГРИБ. 750г/6шт. (ООО ""ФУП"") (ЕК,НТ,СРГ-3)";;;;;;;;;;;;166,62;;
"Братцы вареники с картофелем 350г/12шт (ООО ""ФУП"") (ЕК,НТ,СРГ,ПМ-2)";;;;;;;;;;;;72,46;;
"Братцы вареники с КАРТОФЕЛЕМ 750г/6шт (ООО ""ФУП"") (ЕК,НТ,СРГ-3)";;;;;;;;;;;;149,28;;
"Братцы вареники с сырым картофелем, луком и салом 350г/12шт (ООО ""ФУП"") (ЕК,НТ,СРГ-6; ПМ-3)";;;;;;;;;;;;81,55;;
"Братцы вареники с СЫРЫМ КАРТОФЕЛЕМ, ЛУКОМ И САЛОМ 750г/6шт (ООО ""ФУП"") (ЕК,НТ,СРГ-3)";;;;;;;;;;;;171,61;;
"Братцы вареники с творогом 350г/12шт (ООО ""ФУП"") (ЕК,НТ,СРГ,ПМ-3)";;;;;;;;;;;;98,67;;
"Братцы вареники со свежей капустой 350г/12шт (ООО ""ФУП"") (ЕК,НТ,СРГ,ПМ-2)";;;;;;;;;;;;81,35;;
"Пельмени ""Бульонные"" 800г/13шт ТМ Любимая Зима ООО ""ФУП"" (ЕК,НТ,СРГ,ПМ,ТМ-3)";;;;;;;;;;;;199,14;;
"Пельмени ГОСТ ""По-Башкирски"" Домашние 800гр/10шт ООО ""ФУП"" (ЕК,НТ,СРГ,ПМ-3)";;;;;;;;;;;;290,51;;
"Пельмени ГОСТ ""Фермерские"" Домашние Из говядины и свинины 700г/6шт (ЕК,НТ,СРГ,ПМ-3)";;;;;;;;;;;;245,09;;
Меленка;;;;;;;;;;;;;;
"Пельмени ""С говядиной и свининой"" 800г/8шт ТМ 4 Сочных порции (ЕК,НТ-4)";;;;;;;;;;;;407,58;;
Пельмени Классические с гов/свин 800г/5шт ТМ Большая кастрюля ;;;;;;;;;;;;394,29;;
Мишкинские;;;;;;;;;;;;;;
"**Пельмени ""Царская охота"" 700г/7шт ""Мишкинский продукт"" ";;;;;;;;;;;;355,54;;
"Пельмени ""Деревенские"" 700г/7шт ""Мишкинский продукт"" (ЕК,НТ,ТМ-3)";;;;;;;;;;;;246,84;;
"Пельмени ""Иркутские"" 450 г/10 шт ""Мишкинский продукт"" (ЕК,НТ-5)";;;;;;;;;;;;192,85;;
"Пельмени ""Иркутские"" 700г/7шт ""Мишкинский продукт"" (ЕК,НТ,СРГ-3)";;;;;;;;;;;;365,90;;
"Пельмени ГОСТ ""Русские"" 450 г/10 шт ""Мишкинский продукт"" (ЕК,НТ-5)";;;;;;;;;;;;190,74;;
"Пельмени ГОСТ ""Русские"" 700г/7шт ""Мишкинский продукт"" (ЕК,НТ,СРГ,ТМ-3)";;;;;;;;;;;;363,26;;
Пельмени, вареники ВЕС;;;;;;;;;;;;;;
Вареники с капустой ВЕС 6кг Сальников;;;;;;;;;;;;220,87;;
Вареники с картофелем ВЕС 6кг Сальников;;;;;;;;;;;;211,85;;
Вареники с картофелем и грибами ВЕС 6кг Сальников;;;;;;;;;;;;229,09;;
"Пельмени ""Бульонные"" ВЕС 5 кг ТМ Любимая Зима ООО ""ФУП""";;;;;;;;;;;;239,67;;
"Пельмени ""Великан"" ВЕС 6кг Сальников";;;;;;;;;;;;284,97;;
"Пельмени ""Вкусные"" ВЕС 5кг ООО ""ФУП""";;;;;;;;;;;;216,78;;
"Пельмени ""Дачные"" (""И ничего лишнего"") ВЕС 6кг Сибирский Гурман";;;;;;;;;;;;168,53;;
"Пельмени ""Колдуны"" ВЕС 6кг Сальников";;;;;;;;;;;;237,71;;
"Пельмени ""Куриные"" ВЕС 6кг Сальников";;;;;;;;;;;;225,04;;
"Пельмени ""Любимая порция"" (пятачки) ВЕС 6кг Сальников";;;;;;;;;;;;265,74;;
"Пельмени ""Любимая порция"" с бульоном (колобки) ВЕС 6кг Сальников";;;;;;;;;;;;254,22;;
"Пельмени ""Пельмень-Малыш"" ВЕС 6кг Сальников";;;;;;;;;;;;289,80;;
"Пельмени ""Татарские рецепты"" ВЕС 6кг Сальников";;;;;;;;;;;;304,17;;
"Пельмени ГОСТ ""Сибирские"" ВЕС 6кг Сальников";;;;;;;;;;;;309,98;;
"Пельмени Домашние ""МЯСшарики"" ВЕС 6кг Сальников";;;;;;;;;;;;268,67;;
Сальников*;;;;;;;;;;;;;;
"**Вареники с картофелем и шкварками ""Могучий Русский"" 900г/6 шт Сальников (СРГ,ТМ-3)";;;;;;;;;;;;202,02;;
"**Вареники с творогом ""Могучий Русский"" 900г/6 шт Сальников";;;;;;;;;;;;234,93;;
"Вареники с капустой ""Могучий Русский"" 900г/6 шт Сальников (ЕК,НТ,СРГ,ПМ,ТМ-3)";;;;;;;;;;;;210,31;;
"Вареники с картофелем ""Могучий Русский"" 900г/6 шт Сальников (ЕК,НТ,СРГ,ТМ-3)";;;;;;;;;;;;195,86;;
"Пельмени ""Колдуны"" мясо/капуста 900г/6 шт Сальников (ТМ-3)";;;;;;;;;;;;201,12;;
"Пельмени ""Куриные"" 450г/12шт Сальников (ЕК,НТ,ПМ-6; СРГ,ТМ-4)";;;;;;;;;;;;101,17;;
"Пельмени ""Любимая порция"" (пятачки) 800г/6 шт Сальников (ЕК,НТ,СРГ,ПМ,ТМ-3)";;;;;;;;;;;;228,20;;
"Пельмени ""Любимая порция"" с бульоном (колобки) 800г/6 шт Сальников (ЕК,НТ,СРГ,ПМ,ТМ-3)";;;;;;;;;;;;219,29;;
"Пельмени ""МЯСшарики"" 900г/6 шт Сальников (ЕК,НТ,СРГ,ПМ,ТМ-3)";;;;;;;;;;;;238,84;;
"Пельмени ""Сибирская Марка"" 800гр/6шт ТМ Сальников (ЕК,НТ,СРГ,ПМ,ТМ-3)";;;;;;;;;;;;264,49;;
"Пельмени ""Сила Мяса"" 800гр/6шт ТМ Сальников (ЕК-3)";;;;;;;;;;;;307,40;;
"Пельмени ""Сила Мяса"" сочные 800гр/6шт ТМ Сальников (ЕК,НТ,СРГ,ПМ,ТМ-3)";;;;;;;;;;;;249,15;;
"Пельмени ""Татарские рецепты"" 900г/6 шт Сальников (ЕК,НТ,СРГ,ТМ-3)";;;;;;;;;;;;278,29;;
"Пельмени Premium ""Классические"" Mini 800гр/6шт Сальников (ЕК,НТ,СРГ,ПМ,ТМ-3)";;;;;;;;;;;;317,61;;
"Пельмени Premium ""Классические"" Standart 800гр/6шт Сальников (ЕК,НТ,СРГ,ПМ,ТМ-3)";;;;;;;;;;;;319,67;;
"Пельмени ГОСТ ""Домашние"" 800гр/6шт Сальников (ЕК,НТ,СРГ,ПМ,ТМ-3)";;;;;;;;;;;;289,56;;
ХАЛЯЛЬ;;;;;;;;;;;;;;
"Пельмени ""По-Татарски"" 0,4кг/20шт Казан (ЕК,СРГ,ТМ-5)";;;;;;;;;;;;92,60;;
"Пельмени ""Премиум"" 1кг/10шт Казан (СРГ-4; ТМ-5)";;;;;;;;;;;;240,35;;
"Пельмени ""Халял"" 1кг/6шт Казан (СРГ-шт; ТМ-3)";;;;;;;;;;;;235,44;;
